título,descripción,categoría,subcategoría,edad_min,edad_max,requiere_inscripcion,periodicidad,día_días,hora_inicio,hora_fin,fecha_inicio,fecha_fin,ciudad,distrito,precio_valor,recomendado,tiene_url_info,tiene_url_imagen
Talleres creativos en idioma serbio,"Talleres creativos para niños y niñas de 3 a16 años en idioma serbio (manualidades, bellas artes, ciencia, música, literatura, teatro, baile, cine, cultura).",Cultura y Espectáculos. Educación,Idiomas. Música. Talleres. Teatro Infantil,3,16,,,domingo,11:00,13:00,22/09/2024,22/06/2025,Madrid,Centro,0.0,True,False,True
Tertulias en Inglés (infantil) Biblioteca Vallecas,Sin descripción,Educación,Idiomas,8,12,True,semanal,miércoles,18:00,19:30,25/09/2024,11/06/2025,Madrid,Puente de Vallecas,0.0,True,True,False
Club de lectura (infantil) Biblioteca David Gistau,"Una de nuestras actividades favoritas, dónde la lectura es la protagonista. En estos clubes de lectura un grupo de niñas y niños, leen al mismo tiempo un libro y periódicamente se reúnen para comentarlo y hacer un montón de actividades que hacen la lectura aún más divertida, combinando la lectura personal y la posibilidad de compartir la experiencia con otras personas, sin duda una fantástica manera para que los más pequeños de la casa adquirieran el hábito lector.",Cultura y Espectáculos,Club de lectura,9,12,True,quincenal,lunes,18:00,19:30,30/09/2024,09/06/2025,Madrid,Salamanca,0.0,True,True,True
Taller de cómic (Infantil) Biblioteca Pozo del Tío Raimundo,"Son talleres de creación dirigidos a dar a conocer la historia y la fase creativa de la ilustración de la novela gráfica, a través de sus diversas escuelas.",Cultura y Espectáculos,Talleres,8,11,True,quincenal,lunes,17:30,19:00,30/09/2024,02/06/2025,Madrid,Puente de Vallecas,0.0,True,True,True
Club de lectura (infantil) Biblioteca San Fermín,"Una de nuestras actividades favoritas, dónde la lectura es la protagonista. En estos clubes de lectura un grupo de niñas y niños, leen al mismo tiempo un libro y periódicamente se reúnen para comentarlo y hacer un montón de actividades que hacen la lectura aún más divertida, combinando la lectura personal y la posibilidad de compartir la experiencia con otras personas, sin duda una fantástica manera para que los más pequeños de la casa adquirieran el hábito lector.",Cultura y Espectáculos,Club de lectura,9,12,True,quincenal,miércoles,18:00,19:30,02/10/2024,18/06/2025,Madrid,Usera,0.0,True,True,True
Taller de ajedrez avanzado (Infantil-juvenil) Biblioteca Gabriel Gª Márquez,"Taller avanzado para el perfeccionamiento de la práctica del ajedrez, deporte de reconocidos beneficios a nivel cognitivo e intelectual que mejora la memoria, la concentración y permite ejercitar ambos hemisferios cerebrales.",Cultura y Espectáculos,Talleres,6,17,True,semanal,miércoles,19:00,20:00,02/10/2024,11/06/2025,Madrid,Usera,0.0,True,True,True
Taller de juegos (infantil) Biblioteca Francisco Ayala,Reuniones periódicas en las que se descubrirán diferentes juegos.,Cultura y Espectáculos,Talleres,6,10,True,mensual,miércoles,18:00,19:30,02/10/2024,28/05/2025,Madrid,Vicálvaro,0.0,True,True,True
Ludoteca en Centro Sociocultural El Greco,Viernes de 17:30 a 20:30 horas y sábados de 10:00 a 13:30 horas. No festivos.,Educación,Ludotecas,5,12,True,,"viernes, sábado",17:30,20:30,04/10/2024,28/06/2025,Madrid,Latina,0.0,True,True,False
Ludoteca en Centro Cultural José Luis Sampedro,Viernes de 17:30 a 20:30 horas y sábados de 10:00 a 13:30 horas. No festivos.,Educación,Ludotecas,5,12,True,,"viernes, sábado",17:30,20:30,04/10/2024,28/06/2025,Madrid,Latina,0.0,True,True,False
Ludoteca en Centro Sociocultural Almirante Churruca,Viernes de 17:30 a 20:30 horas y sábados de 10:00 a 13:30 horas. No festivos.,Educación,Ludotecas,5,12,True,,"viernes, sábado",17:30,20:30,04/10/2024,28/06/2025,Madrid,Latina,0.0,True,True,False
Ludoteca en Centro Cultural Fernando de los Ríos,Viernes de 17:30 a 20:30 horas y sábados de 10:00 a 13:30 horas. No festivos.,Educación,Ludotecas,5,12,True,,"viernes, sábado",17:30,20:30,04/10/2024,28/06/2025,Madrid,Latina,0.0,True,True,False
Ludoteca en Centro Cultural Sara Montiel,Viernes de 17:30 a 20:30 horas y sábados de 10:00 a 13:30 horas. No festivos.,Educación,Ludotecas,5,12,True,,"viernes, sábado",17:30,20:30,04/10/2024,28/06/2025,Madrid,Latina,0.0,True,True,False
Ludoteca en Centro Cultural  Miguel Hernández,Viernes de 17:30 a 20:30 horas y sábados de 10:00 a 13:30 horas. No festivos.,Educación,Ludotecas,5,12,,,"viernes, sábado",17:30,20:30,04/10/2024,28/06/2025,Madrid,Latina,0.0,True,True,False
Ludoteca en Centro Sociocultural Rosario Acuña,"Sábados, no festivos,  de 10:00 horas a 13:30 horas.",Educación,Ludotecas,5,12,True,,sábado,,,05/10/2024,28/06/2025,Madrid,Latina,0.0,True,True,False
Ludotecas en Centro Sociocultural Latina,"Sábados, no festivos,  de 10:00 horas a 13:30 horas.",No especificada,No especificada,5,12,True,,sábado,,,05/10/2024,28/06/2025,Madrid,Centro,0.0,True,True,False
Taller de cómic (juvenil) Biblioteca Iván de Vargas,"Son talleres de creación dirigidos a dar a conocer la historia y la fase creativa de la ilustración de la novela gráfica, a través de sus diversas escuelas.",Cultura y Espectáculos,Talleres,12,17,True,quincenal,sábado,12:00,13:30,05/10/2024,07/06/2025,Madrid,Centro,0.0,True,True,True
Taller de juegos (infantil) Biblioteca Gabriel Gª Márquez,Reuniones periódicas en las que se descubrirán diferentes juegos.,Cultura y Espectáculos,Talleres,6,10,True,mensual,jueves,18:00,19:30,17/10/2024,29/05/2025,Madrid,Usera,0.0,True,True,True
Club de lectura (infantil) Biblioteca María Lejárraga,"Una de nuestras actividades favoritas, dónde la lectura es la protagonista. En estos clubes de lectura un grupo de niñas y niños, leen al mismo tiempo un libro y periódicamente se reúnen para comentarlo y hacer un montón de actividades que hacen la lectura aún más divertida, combinando la lectura personal y la posibilidad de compartir la experiencia con otras personas, sin duda una fantástica manera para que los más pequeños de la casa adquirieran el hábito lector.",Cultura y Espectáculos,Club de lectura,9,12,True,quincenal,jueves,18:00,19:30,24/10/2024,19/06/2025,Madrid,Hortaleza,0.0,True,True,True
Coder Dojo · Grupo de trabajo 2024-2025,"Coder Dojo es una iniciativa mundial que anima a los niños, niñas y adolescentes de entre 7 y 17 años a trabajar con herramientas tecnológicas mientras aprenden habilidades como el trabajo en equipo, la comunicación y la acción.Ven a programar videojuegos, a diseñar páginas en Internet, a crear aplicaciones para dispositivos móviles, a dibujar y a imprimir modelos en 3D. También podrás crear música interactiva, construir robots y mucho más.Si además nos quieres ayudar como mentor/a voluntario/a eres bienvenido/a y podrás compartir en el club todos tus conocimientos y experiencias.",Cultura y Espectáculos,Música,7,17,True,,sábado,16:00,18:00,16/11/2024,26/07/2025,Madrid,,,True,False,True
Taller de cómic (Infantil) Biblioteca José Hierro,"Son talleres de creación dirigidos a dar a conocer la historia y la fase creativa de la ilustración de la novela gráfica, a través de sus diversas escuelas.",Cultura y Espectáculos,Talleres,10,14,True,quincenal,lunes,18:00,19:30,25/11/2024,19/05/2025,Madrid,San Blas-Canillejas,0.0,True,True,True
Clases de árabe para niños,Taller infantil para niños a partir de 9 años.,Cultura y Espectáculos,Talleres,9,18,True,,viernes,18:00,19:30,13/12/2024,30/05/2025,Madrid,Usera,0.0,True,False,True
Taller de cómic (Infantil) Biblioteca María Zambrano,"Son talleres de creación dirigidos a dar a conocer la historia y la fase creativa de la ilustración de la novela gráfica, a través de sus diversas escuelas.",Cultura y Espectáculos,Talleres,8,11,True,quincenal,lunes,17:30,19:00,08/01/2025,04/06/2025,Madrid,Tetuán,0.0,True,True,True
Taller de cómic (Infantil) Biblioteca Miguel Delibes,"Son talleres de creación dirigidos a dar a conocer la historia y la fase creativa de la ilustración de la novela gráfica, a través de sus diversas escuelas.",Cultura y Espectáculos,Talleres,8,11,True,quincenal,miércoles,18:00,19:30,15/01/2025,21/05/2025,Madrid,Moratalaz,0.0,True,True,True
Taller de cómic (juvenil) Biblioteca Gerardo Diego,"Son talleres de creación dirigidos a dar a conocer la historia y la fase creativa de la ilustración de la novela gráfica, a través de sus diversas escuelas.",Cultura y Espectáculos,Talleres,12,17,True,quincenal,viernes,18:00,19:30,07/02/2025,30/05/2025,Madrid,Villa de Vallecas,0.0,True,True,True
Chatines: club de lectura infantil,¿Qué es el Club de Lectura Chatines?,Cultura y Espectáculos,Club de lectura,9,12,True,,jueves,17:30,18:30,27/02/2025,19/06/2025,Madrid,Chamartín,0.0,True,False,True
Taller de ajedrez avanzado (infantil-juvenil) Biblioteca María Lejárraga,"Taller avanzado para el perfeccionamiento de la práctica del ajedrez, deporte de reconocidos beneficios a nivel cognitivo e intelectual que mejora la memoria, la concentración y permite ejercitar ambos hemisferios cerebrales.",Cultura y Espectáculos,Talleres,6,17,True,semanal,miércoles,18:30,19:30,19/03/2025,04/06/2025,Madrid,Hortaleza,0.0,True,True,True
Manualidades,"Taller de manualidades ideado, coordinado y ejecutado por mujeres del barrio.",Cultura y Espectáculos,Talleres,6,12,True,mensual,martes,18:00,19:30,25/03/2025,24/06/2025,Madrid,Usera,0.0,True,False,True
Talleres de Price (De 7 a 9 años),¡Diviértete aprendiendo mientras descubres todo lo que eres capaz de hacer!,Cultura y Espectáculos,Talleres,7,9,,,sábado,10:00,12:00,29/03/2025,14/06/2025,Madrid,,,True,False,True
Talleres del Price (5 y 6 años),¡Diviértete aprendiendo mientras descubres todo lo que eres capaz de hacer!,Cultura y Espectáculos,Talleres,5,6,,,sábado,,,29/03/2025,14/06/2025,Madrid,,10.0,True,False,True
HOP!,Los Absurdos Teatro nos traen un paseo teatralizado por la historia del Circo Price.,Cultura y Espectáculos,Circo. Teatro Infantil,,,,,,11:00,,15/06/2025,15/06/2025,Madrid,,,True,False,True
Campamentos urbanos de verano 2025. Distrito Arganzuela,"Se realizarán actividades de ocio lúdico-educativas, incluyendo los servicios de desayuno y comida. La actividad será gratuita y se ofertarán 240 plazas durante el mes de julio y 150 plazas durante los días de junio y 180 plazas por centro durante el mes de agosto y septiembre. En total 1.170 plazas durante todo el verano.",La Ciudad,Verano,4,4,,,domingo,,,,,Madrid,Arganzuela,0.0,True,False,True
Ronda de libros,"Este trimestre los participantes harán una excursión por la selva en la que encontrarán muchos animales y con algún personaje literario conocido, iremos por la ciudad y entraremos en las casas de los protagonistas de los cuentos y finalmente haremos un divertido viaje por un mar de colores explorando la flora y la fauna de tan enigmático lugar.",Aire Libre. Cultura y Espectáculos,Actividades al Aire Libre. Actividades con animales. Club de lectura,1,3,True,,sábado,,,,,Madrid,,,True,False,True
Talleres para niños de 4 a 14 años,,Cultura y Espectáculos,Talleres,4,14,True,,sábado,,,26/04/2025,28/06/2025,Madrid,Centro,0.0,True,False,True
Campamento urbano de Semana Santa. Distrito Retiro,"Campamento urbano de verano 2025 ofertado por el distrito de Retiro y prestado por la empresa Siete Estrellas Educación y Ocio, S.L.U.",Educación. La Ciudad,Campamentos Urbanos. Semana Santa. Verano,,,True,,"lunes, viernes",,,29/04/2025,05/09/2025,Madrid,Retiro,,True,False,True
Campamento urbano Chamartín Verano 2025,Lugar de realización :,Educación. La Ciudad,Campamentos Urbanos. Verano,3,12,True,,"miércoles, domingo",,,30/04/2025,07/09/2025,Madrid,Chamartín,0.0,True,False,True
Bulevarte 2025,Vive tu Bulevar... ¡Disfruta tu Bulevar!,No especificada,No especificada,,,,mensual,"lunes, domingo",11:00,21:30,31/07/2025,31/07/2025,Madrid,,0.0,True,False,True
Deportes populares y tradicionales para familias,Para todos los públicos.,No especificada,No especificada,,,True,,sábado,,,01/05/2025,30/06/2025,Madrid,,0.0,True,True,True
Actividades por el día 2 de mayo,Celebración del Día de la Comunidad de Madrid con diversas actividades:,No especificada,No especificada,,,,,viernes,17:30,,02/05/2025,02/05/2025,Madrid,,0.0,True,False,True
Gran concurso de la maternidad en el mundo animal,Taller. De 11 a 12 horas.,Cultura y Espectáculos,Talleres,5,18,,,viernes,11:00,12:00,02/05/2025,02/05/2025,Madrid,Usera,0.0,True,True,True
Érase una vez un pato - Teatro La Proa (Cuba),"La noticia sobre la existencia de una extraña y peligrosa ave es el detonante para que el titiritero Gatillo seduzca a sus amigos, el Guardabosque y el Biólogo, y les haga interpretar la historia de un Pato vanidoso e inconforme que intenta convertirse en Rey. Para lograrlo, el Pato engaña a los animales que se encuentra a su paso, a quienes les roba. Al transformarse con atributos ajenos, el Pato es víctima de su ambición. “Érase una vez un pato” es una parábola titiritera contra el egoísmo y la superficialidad. Es un canto a la autoaceptación y al reconocimiento de los verdaderos valores de la vida.",Aire Libre. Cultura y Espectáculos,Actividades con animales. Teatro Infantil,6,18,,,"sábado, domingo",18:00,,03/05/2025,04/05/2025,Madrid,Retiro,0.0,True,False,True
Womagis,Edad recomendada de 3 a 9 años.,No especificada,No especificada,3,9,,,sábado,12:00,,03/05/2025,03/05/2025,Madrid,Retiro,0.0,True,False,True
REUTILIZ-ARTE: Mayo el mes de las flores,Taller de 11 a 12:30 horas.,Cultura y Espectáculos,Talleres,6,18,,,sábado,11:00,12:30,03/05/2025,03/05/2025,Madrid,Usera,0.0,True,True,True
La magia existe,"EL mago Héctor, de la escuela de Ana Tamariz, os llenara de ilusión con una magia que rescatara al niñ@ que llevamos dentro…Apariciones, desapariciones, variedad de juegos y magia participativa es su especialidad.",Cultura y Espectáculos,Magia,,,,,sábado,19:00,,03/05/2025,03/05/2025,Madrid,,0.0,True,True,True
Ludoteca,"Sábados 3, 10, 17, 24 y 31 de mayo, de 10:30 a 13:30 h.",Educación,Ludotecas,4,10,True,,sábado,,,03/05/2025,31/05/2025,Madrid,Centro,0.0,True,True,False
Títeres: El barquillero de la pradera de San Isidro,Compañía Titiricuenta.,Cultura y Espectáculos,Teatro Infantil,3,3,,,sábado,18:00,,03/05/2025,03/05/2025,Madrid,Centro,0.0,True,True,False
Ludotecas,"Sábados 3, 10, 17, 24 y 31 de mayo, de 10:30 a 13:30 h.",No especificada,No especificada,4,10,True,,sábado,,,03/05/2025,31/05/2025,Madrid,Centro,0.0,True,True,False
Sendas Guiadas,Para público general. Consultar edad mínima y horarios. Máximo 20 plazas.,No especificada,No especificada,,,,,sábado,,,03/05/2025,31/05/2025,Madrid,Centro,0.0,True,True,False
Talleres Familiares,Para familias con menores de diferentes edades. Máximo 20 plazas.,Cultura y Espectáculos,Talleres,3,5,,,"viernes, sábado, domingo",,,03/05/2025,31/05/2025,Madrid,Centro,0.0,True,True,False
Crispina y Molinilla,Los domingos del Pozo.,No especificada,No especificada,,,,,domingo,12:00,,04/05/2025,04/05/2025,Madrid,Puente de Vallecas,0.0,True,True,True
"Era casi, casi, una vez",Terra fusión,No especificada,No especificada,,,,,domingo,12:00,,04/05/2025,04/05/2025,Madrid,Centro,0.0,True,True,True
¿Un Grúfa qué?,Andrea Ortúzar,No especificada,No especificada,,,,,domingo,12:00,,04/05/2025,04/05/2025,Madrid,,0.0,True,True,True
Cabaret ovejuno,Vidas de Alambre.,No especificada,No especificada,3,18,,,domingo,18:00,,04/05/2025,04/05/2025,Madrid,Hortaleza,0.0,True,True,True
El pirata Serafín,Compañía Rafathor.,Cultura y Espectáculos,Teatro Infantil,3,18,,,domingo,12:00,,04/05/2025,04/05/2025,Madrid,Centro,0.0,True,True,True
"Exposición ""Fervor""",Kike García. Fernando Sevillano,Cultura y Espectáculos,Exposiciones,,,,,"lunes, jueves",,,05/05/2025,15/05/2025,Madrid,Chamberí,0.0,True,True,True
'A jugar con los libros',"Nunca es demasiado pronto para iniciar a los bebés en el maravilloso mundo del libro y la lectura. Además de estimular su imaginación, descubrirán colores, sonidos y palabras que enriquecerán su vocabulario.",Cultura y Espectáculos,Club de lectura,,,True,,martes,18:00,,06/05/2025,06/05/2025,Madrid,Ciudad Lineal,0.0,True,True,True
Un mundo de cuentos,"Duendes, tesoros, aventuras, misterios... Las bibliotecas están llenas de historias que cuenteros y cuenteras nos acercan a través de su creatividad y su magia.",Cultura y Espectáculos,Club de lectura. Magia,4,18,True,,martes,18:00,,06/05/2025,06/05/2025,Madrid,Carabanchel,0.0,True,True,True
Desafíos globales que definirán nuestro futuro: la UE en la encrucijada,"A cargo de D. Miguel Ángel Muñoz Martínez, Director General de Relaciones Internacionales.",No especificada,No especificada,14,18,,,martes,19:00,,06/05/2025,06/05/2025,Madrid,Villa de Vallecas,0.0,True,True,True
A taste of the moon,Vamos a leer en inglés y a divertirnos en la biblioteca.,Educación,Idiomas,2,18,,,miércoles,18:00,,07/05/2025,07/05/2025,Madrid,San Blas-Canillejas,0.0,True,True,True
'Cuentos en la granja',"Nunca es demasiado pronto para iniciar a los bebés en el maravilloso mundo del libro y la lectura. Además de estimular su imaginación, descubrirán colores, sonidos y palabras que enriquecerán su vocabulario.",Cultura y Espectáculos,Club de lectura,,,True,,miércoles,18:00,,07/05/2025,07/05/2025,Madrid,Retiro,0.0,True,True,True
"Miau, miau","Duendes, tesoros, aventuras, misterios... Las bibliotecas están llenas de historias que cuenteros y cuenteras nos acercan a través de su creatividad y su magia.",Cultura y Espectáculos,Magia,3,18,True,,miércoles,18:00,,07/05/2025,07/05/2025,Madrid,Barajas,0.0,True,True,True
Viaje al centro del laberinto,"Duendes, tesoros, aventuras, misterios... Las bibliotecas están llenas de historias que cuenteros y cuenteras nos acercan a través de su creatividad y su magia.",Cultura y Espectáculos,Magia,4,18,True,,miércoles,18:00,,07/05/2025,07/05/2025,Madrid,San Blas-Canillejas,0.0,True,True,True
Maratón de cuentos y festival de las culturas europeas,"Leer y contar historias es una actividad en la que se reúnen personas y en la que la palabra es la protagonista. El objetivo de este cuentacuentos, será el de mostrar la diversidad lingüística y cultural de Europa.",Cultura y Espectáculos. Deporte,Carreras y eventos. Club de lectura,4,18,True,,miércoles,17:30,,07/05/2025,07/05/2025,Madrid,Centro,0.0,True,True,True
Jugamos por Europa,Tarde de juegos dinamizada para niños/as en los que disfrutaremos con los juegos de mesa donados por el Centro de Documentación Europea.,No especificada,No especificada,5,18,,,jueves,18:00,,08/05/2025,08/05/2025,Madrid,San Blas-Canillejas,0.0,True,False,True
¿Jugamos con Europa...?,"La biblioteca celebra el Día de Europa, jugando con nuestros usuarios más pequeños el juego que ha creado la Comunidad Europea ""Jugamos por Europa"". Mediante el juego se aprenderá y se recordará información sobre otros países, además del nuestro.",No especificada,No especificada,8,18,,,lunes,18:00,,08/05/2025,08/05/2025,Madrid,Carabanchel,0.0,True,False,True
En el bosque,"Duendes, tesoros, aventuras, misterios... Las bibliotecas están llenas de historias que cuenteros y cuenteras nos acercan a través de su creatividad y su magia.",Cultura y Espectáculos,Magia,2,18,,,jueves,18:00,,08/05/2025,08/05/2025,Madrid,Puente de Vallecas,0.0,True,True,True
'Si las nubes fueran de algodón',"Nunca es demasiado pronto para iniciar a los bebés en el maravilloso mundo del libro y la lectura. Además de estimular su imaginación, descubrirán colores, sonidos y palabras que enriquecerán su vocabulario.",Cultura y Espectáculos,Club de lectura,,,True,,jueves,17:30,,08/05/2025,08/05/2025,Madrid,Villa de Vallecas,0.0,True,True,True
A taste of the moon,Vamos a leer en inglés y a divertirnos en la biblioteca.,Educación,Idiomas,2,18,True,,jueves,18:00,,08/05/2025,08/05/2025,Madrid,Vicálvaro,0.0,True,True,True
Cuentos de animalitos y animalotes,"Duendes, tesoros, aventuras, misterios... Las bibliotecas están llenas de historias que cuenteros y cuenteras nos acercan a través de su creatividad y su magia.",Cultura y Espectáculos,Club de lectura. Magia,2,18,,,jueves,18:00,,08/05/2025,08/05/2025,Madrid,Centro,0.0,True,True,True
Un día de la Prehistoria,A cargo de la compañíaLos Gorriones.,No especificada,No especificada,6,18,,,viernes,18:00,,09/05/2025,09/05/2025,Madrid,Centro,0.0,True,True,False
Teatro en familia,Taller de teatro.,Cultura y Espectáculos,Talleres. Teatro Infantil,5,18,,,viernes,17:30,,09/05/2025,09/05/2025,Madrid,Usera,0.0,True,True,True
"Oliverio Satisfecho, el mago",Compañía: Oliverio Satisfecho,Cultura y Espectáculos,Teatro Infantil,,,,,viernes,18:30,,09/05/2025,09/05/2025,Madrid,Villa de Vallecas,0.0,True,True,True
¿Hay alguien más aburrido que yo?,"Una historia divertida y tierna sobre el poder de la imaginación, la creatividad, y el vínculo entre generaciones.",No especificada,No especificada,6,18,True,,viernes,18:00,,09/05/2025,09/05/2025,Madrid,Ciudad Lineal,0.0,True,True,True
A la mar salada,"Duendes, tesoros, aventuras, misterios... Las bibliotecas están llenas de historias que cuenteros y cuenteras nos acercan a través de su creatividad y su magia.",Cultura y Espectáculos,Magia,2,18,True,,viernes,18:00,,09/05/2025,09/05/2025,Madrid,Ciudad Lineal,0.0,True,True,True
Taller castizo,"Durante esta divertida experiencia, los pequeños podrán conocer y disfrutar de las tradiciones más castizas. Una excelente oportunidad para aprender sobre la cultura mientras se divierte en un ambiente creativo y dinámico.",Cultura y Espectáculos,Talleres,5,18,,,viernes,18:00,,09/05/2025,09/05/2025,Madrid,Carabanchel,0.0,True,True,True
"Espectáculo infantil musical: ""AÚPA LERE, percusión para crecer""","Cía. Percumento, con Clara Martínez y Antonio Cimadevila.",Cultura y Espectáculos,Música,,,,,viernes,18:00,,09/05/2025,09/05/2025,Madrid,Centro,0.0,True,True,False
Concierto pedagógico,Lily cuartet.,Cultura y Espectáculos,Conciertos. Música,3,18,,,viernes,18:30,,09/05/2025,09/05/2025,Madrid,Hortaleza,0.0,True,True,True
Manoviva - Girovago & Rondella (Italia),"“Manoviva” comienza con una temática circense, con virtuosismos que cautivan al público, que dan lugar a pequeñas historias donde las palabras son reemplazadas por “símbolos”, un lenguaje universal que toca otra esfera de comprensión generalmente descuidada, historias que crean un diálogo familiar, surrealista como un cuadro de Chagall.",No especificada,No especificada,,,,,"sábado, domingo",18:00,,10/05/2025,11/05/2025,Madrid,Retiro,0.0,True,False,True
Asalto a la lectura. Animales grandes,ANIMALES GRANDES con Carmen García Iglesias.,Aire Libre. Cultura y Espectáculos,Actividades con animales. Club de lectura,,,,,sábado,11:00,,10/05/2025,10/05/2025,Madrid,Centro,0.0,True,False,True
"Cuento: Maxi, el petirrojo sensible de la Dehesa de la Villa","Os invitamos a conocer a Maxi, un petirrojo muy sensible que habita en la Dehesa de la Villa y nos contará cómo es su vida en nuestro parque junto con el resto de las especies que lo habitan. Un cuento de Rosario Jiménez Echenique.",Aire Libre,Parques y jardines,5,18,,,sábado,11:00,,10/05/2025,10/05/2025,Madrid,Centro,0.0,True,False,True
Érase casi una vez,Compañía: Asociación teatral terra teatro.,Cultura y Espectáculos,Teatro Infantil,5,18,,,sábado,12:00,,10/05/2025,10/05/2025,Madrid,Usera,0.0,True,True,True
La edad de hielo,Compañía: Ciencia Divertida.,Cultura y Espectáculos,Teatro Infantil,3,18,,,sábado,12:00,,10/05/2025,10/05/2025,Madrid,Usera,0.0,True,True,True
Be Kind Remind: Taller infantil de creación audiovisual y archivo,"Be Kind, Remind es un taller diseñado para niñas y niños de 6 a 8 años y de 9 a 12 años, en el que, de la mano de la cineasta Camila de Lucas y el crítico de cine Javier Rodríguez, se explorará el archivo como herramienta creativa a través del juego y la experimentación. Los participantes trabajarán con imágenes preexistentes, descubriendo cómo el reciclaje audiovisual puede transformarse en una nueva forma de expresión y narración.",Cultura y Espectáculos,Proyecciones. Talleres,6,8,,,"sábado, domingo",,,10/05/2025,11/05/2025,Madrid,,,True,False,True
La Maga,Teatro infantil.,Cultura y Espectáculos,Teatro Infantil,3,10,,,sábado,12:00,,10/05/2025,10/05/2025,Madrid,Retiro,0.0,True,False,True
El flautista de Hamelín,"La ciudad de Hamelin es una ciudad triste, no conoce la alegría, ni el color, pues la música, la pintura y la poesía están prohibidos. En Hamelin solo se puede trabajar, la fiesta y la divertida convivencia están prohibidas. Por eso es la ciudad ideal para las ratas, que invaden la ciudad porque eso es lo que les gusta a ellas, la oscuridad y la tristeza. Las ratas lo han llenado todo y sólo la magia de la música será capaz de eliminarlas.",Cultura y Espectáculos,Magia. Música,,,,,sábado,19:00,,10/05/2025,10/05/2025,Madrid,,0.0,True,True,True
The cook and the king,Vamos a leer en inglés y a divertirnos en la biblioteca.,Educación,Idiomas,5,18,True,,sábado,12:00,,10/05/2025,10/05/2025,Madrid,Centro,0.0,True,True,True
El baúl del Abuelo,,No especificada,No especificada,,,,,sábado,19:00,,10/05/2025,10/05/2025,Madrid,Centro,0.0,True,False,True
"CICLO BEBÉS. Teatro Tyl Tyl, presenta “Tylito”","Concierto teatralizado para un público activo en la percepción y la escucha, pero también en la participación de la primera infancia. El sonido, la música y las canciones impulsan el deseo de vivir la vida con intensidad y alegría. El repertorio es original y está construido a partir de la literatura oral y ritmos cercanos que inviten y contagien el movimiento.",Cultura y Espectáculos,Conciertos. Música. Teatro Infantil,0,3,,,sábado,11:00,,10/05/2025,10/05/2025,Madrid,Ciudad Lineal,0.0,True,True,True
"INFANTIL. Nando Caneca, presenta “UCO, un paisano diferente”","La vida ya no es como era antes y esto es una realidad, mucha gente deja el pueblo y se marcha a la ciudad. Aquí se presenta Uco, un paisano diferente, que ha venido a este puebluco a conocer a su gente. Un espectáculo de circo, magia, humor y teatro gestual inspirado y recreado en el mundo rural.",Cultura y Espectáculos,Circo. Magia. Teatro Infantil,5,18,,,sábado,18:00,,10/05/2025,10/05/2025,Madrid,Ciudad Lineal,0.0,True,True,True
Cuentacuentos - La Flor más Bonita del Mundo,Sin descripción,No especificada,No especificada,,,,,sábado,11:00,,10/05/2025,10/05/2025,Madrid,Chamberí,0.0,True,True,True
Magia familiar: Magia de risa,A cargo de Alfonso V.,Cultura y Espectáculos,Magia,5,5,,,sábado,12:00,,10/05/2025,10/05/2025,Madrid,Centro,0.0,True,True,False
Cuentacuentos en inglés:A world of magic,A cargo de la academia de inglés Kids&Us.,Educación,Idiomas,3,7,,,sábado,18:00,,10/05/2025,10/05/2025,Madrid,Centro,0.0,True,True,False
El Monstruo marino,Sin descripción,No especificada,No especificada,6,18,,,sábado,12:00,,10/05/2025,10/05/2025,Madrid,Moratalaz,0.0,True,True,True
"Concierto familiar: ""Loli Pop Rock""",A cargo de la Cía. Tanalborde.,Cultura y Espectáculos,Conciertos. Música,2,2,,,sábado,12:00,,10/05/2025,10/05/2025,Madrid,Centro,0.0,True,True,False
Taller 'Insectos y otros pequeños habitantes de La Cabaña',,Cultura y Espectáculos,Talleres,,,,,sábado,16:30,,10/05/2025,10/05/2025,Madrid,Retiro,0.0,True,True,False
Taller de teatro infantil,"El Taller de teatro Infantil es una experiencia fascinante diseñada específicamente para niños de 6 a 12 años. Más allá de la simple diversión, este taller ofrece una serie de beneficios significativos para los niños.",Cultura y Espectáculos,Talleres. Teatro Infantil,6,12,True,,sábado,10:30,12:00,,,Madrid,Hortaleza,0.0,True,False,True
Taller de magia infantil,"El Taller de Magia Infantil es una experiencia fascinante diseñada específicamente para niños de 6 a 12 años. Más allá de la simple diversión, este taller ofrece una serie de beneficios significativos para los niños.",Cultura y Espectáculos,Magia. Talleres,6,12,,,sábado,10:30,12:00,,,Madrid,Centro,0.0,True,False,True
Mi mundo,Iberoamericana de teatro en movimiento.,Cultura y Espectáculos,Teatro Infantil,,,,,sábado,17:00,,10/05/2025,10/05/2025,Madrid,,0.0,True,True,False
"Triguiñuelas Folk, presenta “El pañuelo de la abuela”.","Espectáculo musical teatralizado de música folk para niños. En las fiestas del pueblo de la abuela, las musiexploradoras se meten en un lío. Para solucionarlo, tienen que lavar el pañuelo de la abuela con el método tradicional, y al hacerlo éste se pierde río abajo. En su búsqueda se encontrarán con diferentes mujeres del pueblo, que sin cesar en sus oficios y sin parar de cantar, les ayudarán.",Cultura y Espectáculos,Música,4,18,,,sábado,12:00,,10/05/2025,10/05/2025,Madrid,Vicálvaro,0.0,True,True,False
Salvajes,Director: Claude Barras,No especificada,No especificada,,,,,domingo,12:00,,11/05/2025,11/05/2025,Madrid,Centro,0.0,True,True,True
Aventuras de piratas,Compañía: Producciones Garrote,Cultura y Espectáculos,Teatro Infantil,3,18,,,domingo,12:00,,11/05/2025,11/05/2025,Madrid,Centro,0.0,True,True,True
Orcobblu,Edad recomendada: +5 años,No especificada,No especificada,,,,,domingo,12:00,,11/05/2025,11/05/2025,Madrid,Usera,0.0,True,True,True
Crea tus propios imanes para celebrar el Día Mundial de las aves Migratorias,Horario:﻿ de 10:30 a 12 horas.,No especificada,No especificada,4,18,,,domingo,10:30,,11/05/2025,11/05/2025,Madrid,Usera,0.0,True,True,True
Leo y la música,Los domingos del Pozo.,Cultura y Espectáculos,Música,,,,,domingo,12:00,,11/05/2025,11/05/2025,Madrid,Puente de Vallecas,0.0,True,True,True
Cuentos con amor por un mundo mejor,"Duendes, tesoros, aventuras, misterios... Las bibliotecas están llenas de historias que cuenteros y cuenteras nos acercan a través de su creatividad y su magia.",Cultura y Espectáculos,Club de lectura. Magia,3,18,,,lunes,12:00,,11/05/2025,11/05/2025,Madrid,Latina,0.0,True,True,True
El dragón Nabú,,No especificada,No especificada,4,18,,,domingo,12:00,,11/05/2025,11/05/2025,Madrid,Moncloa-Aravaca,0.0,True,False,True
Teatro Familiar - Texturas,Sin descripción,Cultura y Espectáculos,Teatro Infantil,1,6,,,domingo,18:00,,11/05/2025,11/05/2025,Madrid,Chamberí,0.0,True,True,True
"Espectáculo con magia, malabares y clown: ""Emi Mc-Clown, el payaso más mago y el mago más payaso""",¿Has conocido alguna vez al Payaso más Mago y al Mago más Payaso? ¡Pues Emi Mc-clown lo es!,Cultura y Espectáculos,Circo. Magia,5,5,,,domingo,12:00,,11/05/2025,11/05/2025,Madrid,Centro,0.0,True,True,False
Talleres Infantiles,Para menores de 6 a 8 años. Máximo 20 plazas.,Cultura y Espectáculos,Talleres,6,8,,,domingo,,,11/05/2025,18/05/2025,Madrid,Centro,0.0,True,True,False
La troupe del circo,Calle abierta infantil.,Cultura y Espectáculos,Circo,,,,,domingo,12:30,,11/05/2025,11/05/2025,Madrid,,0.0,True,True,True
Mestre Fufo,"Un mozo de cuerda, de los que ayudaban a los viajeros con el equipaje en el pasado siglo, va a entregar un baúl dirigido a un tal Mestre Fufo (afamado payaso de la época). Pero éste no está... En su lugar aparece un misterioso pianista que abrirá la puerta a la incertidumbre, al cruce de caminos, a la oportunidad de convertirlo todo en otra cosa.",Cultura y Espectáculos,Circo,3,18,,,domingo,12:30,,11/05/2025,11/05/2025,Madrid,Carabanchel,0.0,True,True,True
Juego de pistas 'Los animales del bosque',"Dinámicas participativas para grupos familiares, que incluyen recorridos por el Parque y talleres creativos.",Aire Libre. Cultura y Espectáculos,Actividades con animales. Parques y jardines. Talleres,4,7,True,,domingo,11:00,,11/05/2025,11/05/2025,Madrid,Retiro,0.0,True,False,True
El dragón Nabú,Animathor.,No especificada,No especificada,3,18,,,domingo,18:00,,11/05/2025,11/05/2025,Madrid,Hortaleza,0.0,True,True,True
Desmontando la zarzuela,Diverlírica.,No especificada,No especificada,3,18,,,domingo,12:00,,11/05/2025,11/05/2025,Madrid,Centro,0.0,True,True,False
Las aventuras de las niñas perdidas,Compañía iberoamericana de teatro en movimiento.,Cultura y Espectáculos,Teatro Infantil,,,,,domingo,12:00,,11/05/2025,11/05/2025,Madrid,,0.0,True,True,False
Rutas guiadas por el Parque Forestal de Valdebebas. Mayo 2025,,Aire Libre,Parques y jardines,,,,,domingo,,,11/05/2025,11/05/2025,Madrid,,0.0,True,True,False
Five little goats,Vamos a leer en inglés y a divertirnos en la biblioteca.,Educación,Idiomas,4,18,,,lunes,18:00,,12/05/2025,12/05/2025,Madrid,Centro,0.0,True,True,True
Llega San Isidro con cuentos y manualidades,"El día 15 de mayo es San Isidro, la festividad de Madrid, y para celebrarlo nos vamos a reunir en la biblioteca para hacer un abanico muy chulo y escuchar algún cuento. Te esperamos.",Cultura y Espectáculos,Club de lectura. Talleres,5,8,True,,martes,18:00,,13/05/2025,13/05/2025,Madrid,San Blas-Canillejas,0.0,True,False,True
'Animalitis',"Duendes, tesoros, aventuras, misterios... Las bibliotecas están llenas de historias que cuenteros y cuenteras nos acercan a través de su creatividad y su magia.",Cultura y Espectáculos,Magia,4,18,,,martes,17:30,,13/05/2025,13/05/2025,Madrid,Tetuán,0.0,True,True,True
'A la mar salada',"Duendes, tesoros, aventuras, misterios... Las bibliotecas están llenas de historias que cuenteros y cuenteras nos acercan a través de su creatividad y su magia.",Cultura y Espectáculos,Magia,2,18,,,martes,18:00,,13/05/2025,13/05/2025,Madrid,Hortaleza,0.0,True,True,True
Cine infantil en la Biblioteca María Lejárraga: 'Antz',Ven a la biblioteca a disfrutar del cine.,No especificada,No especificada,,,,,martes,18:00,,13/05/2025,13/05/2025,Madrid,Hortaleza,0.0,True,True,True
"'1. 2, 3, dedos, manos y pies'","Nunca es demasiado pronto para iniciar a los bebés en el maravilloso mundo del libro y la lectura. Además de estimular su imaginación, descubrirán colores, sonidos y palabras que enriquecerán su vocabulario.",Cultura y Espectáculos,Club de lectura,,,True,,martes,17:30,,13/05/2025,13/05/2025,Madrid,Chamartín,0.0,True,True,True
Visita externa,Para adultos. Máximo 20 plazas.,No especificada,No especificada,,,,,martes,11:00,,13/05/2025,13/05/2025,Madrid,Centro,0.0,True,True,False
Do It Yourself: Especial San Isidro,Participa en nuestro taller Do It Yourself donde haremos manualidades con materiales reciclados que te facilitaremos en la biblioteca.,Cultura y Espectáculos,Talleres,5,10,True,,miércoles,18:00,,14/05/2025,14/05/2025,Madrid,San Blas-Canillejas,0.0,True,False,True
'Cuentos en la granja',"Duendes, tesoros, aventuras, misterios... Las bibliotecas están llenas de historias que cuenteros y cuenteras nos acercan a través de su creatividad y su magia.",Cultura y Espectáculos,Club de lectura. Magia,4,18,True,,miércoles,18:00,,14/05/2025,14/05/2025,Madrid,Latina,0.0,True,True,True
The cook and the king,Vamos a leer en inglés y a divertirnos en la biblioteca.,Educación,Idiomas,5,18,True,,miércoles,18:00,,14/05/2025,14/05/2025,Madrid,Vicálvaro,0.0,True,True,True
'Viri Virom',"Nunca es demasiado pronto para iniciar a los bebés en el maravilloso mundo del libro y la lectura. Además de estimular su imaginación, descubrirán colores, sonidos y palabras que enriquecerán su vocabulario.",Cultura y Espectáculos,Club de lectura,,,,,miércoles,17:00,,14/05/2025,14/05/2025,Madrid,Fuencarral-El Pardo,0.0,True,True,True
"'No soy yo, eres tú' de Raquel Galán",Sin descripción,No especificada,No especificada,,,,,miércoles,18:00,,14/05/2025,14/05/2025,Madrid,San Blas-Canillejas,0.0,True,True,True
Cuando los hombres tengan alas - La Malette. (Francia/Uruguay),"Cuando los hombres tengan alas es un espectáculo de marionetas de 30 minutos, dirigido a todos los públicos. La historia se centra en Mr. Toulemonde, un personaje que encarna el deseo humano universal de volar, inspirado en figuras históricas y míticas como Ícaro y los astronautas modernos. Impulsado por este anhelo, Mr. Toulemonde se embarca en una serie de intentos llenos de ingenio, creatividad y perseverancia.",Cultura y Espectáculos,Títeres y marionetas,5,18,,,jueves,18:00,,15/05/2025,15/05/2025,Madrid,Retiro,0.0,True,False,True
San Isidro en Barajas,"Un año más Madrid se viste de gala para celebrar a su patrón, San Isidro Labrador.",No especificada,No especificada,,,,,jueves,14:00,15:30,15/05/2025,15/05/2025,Madrid,Barajas,0.0,True,False,True
Actividades infantiles de San Isidro,Sin descripción,No especificada,No especificada,,,,,jueves,17:30,,15/05/2025,15/05/2025,Madrid,Chamberí,0.0,True,True,True
"Gymkana (hinchables, talleres infantiles y juegos) en la explanada de la Junta Municipal del Distrito",,Cultura y Espectáculos,Talleres,,,,,jueves,12:00,,15/05/2025,15/05/2025,Madrid,,0.0,True,True,True
"Womagis, el mago de las palabras",Compañía Iberoamericana de Teatro en Movimiento.,Cultura y Espectáculos,Teatro Infantil,,,,,jueves,12:00,,15/05/2025,15/05/2025,Madrid,,0.0,True,True,False
Nos hacemos mayores... o no?,Celebración del Día de la Familia.,No especificada,No especificada,,,,,jueves,11:00,,15/05/2025,15/05/2025,Madrid,,0.0,True,True,False
Actividades Infantiles,Plaza de Chamberí.,No especificada,No especificada,,,,,jueves,17:30,,15/05/2025,15/05/2025,Madrid,Chamberí,0.0,True,True,True
Mi amiga madrileña,A cargo de la compañía Ditirambo.,Cultura y Espectáculos,Teatro Infantil,,,,,viernes,18:00,,16/05/2025,16/05/2025,Madrid,Centro,0.0,True,True,False
El viaje de Cervantes,A cargo de Zarzugiñol (zarzuela para niños).,No especificada,No especificada,4,18,,,viernes,18:00,,16/05/2025,16/05/2025,Madrid,Tetuán,0.0,True,True,False
Conmemoración San Isidro: Concierto Piano de coplas,"Manuel de Segura (voz), Raúl fuentes (piano).",Cultura y Espectáculos,Conciertos. Música,,,,,viernes,18:30,,16/05/2025,16/05/2025,Madrid,Centro,0.0,True,True,False
Dabadabadá,Compañía Carlos Lemos.,Cultura y Espectáculos,Teatro Infantil,3,18,,,viernes,18:30,,16/05/2025,16/05/2025,Madrid,Hortaleza,0.0,True,True,True
La magia existe,Sin descripción,Cultura y Espectáculos,Magia,4,18,,,lunes,18:00,,16/05/2025,16/05/2025,Madrid,Villaverde,0.0,True,True,True
Al abordaje piratas,Compañía: El gallinero de Micaela.,Cultura y Espectáculos,Teatro Infantil,3,8,,,sábado,12:00,,17/05/2025,17/05/2025,Madrid,,0.0,True,True,True
Pum pum al cerro voy,Compañía: La Vero Paz.,Cultura y Espectáculos,Teatro Infantil,3,18,,,sábado,12:00,,17/05/2025,17/05/2025,Madrid,Usera,0.0,True,True,True
Un regalo muy especial,"Es el cumpleaños de Sara y espera un montón de regalos .... habrá baile, risas ... pero; ¿ realmente le gustarán sus regalos ?.... ¿Necesitamos tantos regalos que salen en la tele? ¿O tenemos a nuestro lado el regalo más especial del mundo? .... Venid a divertiros y a descubrir este regalo tan especial (el amor de su familia y amigos).",No especificada,No especificada,,,,,sábado,19:00,,17/05/2025,17/05/2025,Madrid,,0.0,True,True,True
Partida de rol: Cthulhu en la biblioteca,,No especificada,No especificada,,,,,sábado,12:00,,17/05/2025,17/05/2025,Madrid,Centro,0.0,True,True,False
¿Qué hemos hecho en Madrid?,Compañía Nos separa el puente y el río,Cultura y Espectáculos,Teatro Infantil,6,12,,,sábado,18:00,,17/05/2025,17/05/2025,Madrid,,0.0,True,True,True
Menuda magia,,Cultura y Espectáculos,Magia,,,,,sábado,12:00,,17/05/2025,17/05/2025,Madrid,Centro,0.0,True,False,True
"INFANTIL. La compañía Arte Fusión Títeres, presenta “En un lugar de la granja”","Tres gallinas muy especiales, Ana la presentadora que ama a los pequeños y le gusta su elección de ser tía y realizar muchas cosas que le apasionan, como leer, escuchar y cuidar. Cocorita y Colorada, dos gallinas que parecen rivales, pero están muy unidas con sus formas, gustos y querer tener muchos hijitos, pero quieren cambiar ciertos aspectos de la granja, sin imposiciones con respeto, sin gritos y criando a sus hijos en la igualdad. Premio a mejor espectáculo en 2017.",Cultura y Espectáculos,Teatro Infantil,4,18,,,sábado,18:00,,17/05/2025,17/05/2025,Madrid,Ciudad Lineal,0.0,True,True,True
Cerditos,,No especificada,No especificada,,,,,sábado,19:00,,17/05/2025,17/05/2025,Madrid,Centro,0.0,True,False,True
"Pluma, guitarra y papel - Los duendes (Comunidad Valenciana)","'Pluma, papel y tijera' es un espectáculo musical con canciones tradicionales, como 'La pájara pinta', 'Había una vez un barquito chiquitito' o 'Estaba la rana cantando debajo del agua'. Durante la función, un pájaro no dejará de crear una serie de situaciones cómicas interrumpiendo el concierto con un montón de malentendidos. Es un espectáculo que apela a la sencillez y a la comunicación directa con el público a través del humor y la participación espontánea.",Cultura y Espectáculos,Conciertos. Música,,,,,"sábado, domingo",18:00,,17/05/2025,18/05/2025,Madrid,Retiro,0.0,True,False,True
Taller de Chotis,,Cultura y Espectáculos,Talleres,,,,,sábado,12:00,,17/05/2025,17/05/2025,Madrid,Usera,0.0,True,True,True
"Babe, el Cerdito valiente",(1995 - Chris Noonan).,No especificada,No especificada,,,,,sábado,12:00,,17/05/2025,17/05/2025,Madrid,Centro,0.0,True,True,False
Zumikids en la Granja,Zumo animaciones.,No especificada,No especificada,,,,,sábado,17:00,,17/05/2025,17/05/2025,Madrid,,0.0,True,True,False
Como perros y gatos,Con Cerilla y Cebolla,No especificada,No especificada,6,18,,,domingo,12:00,,18/05/2025,18/05/2025,Madrid,Centro,0.0,True,True,True
La cebra Camila,Cía. Ainhoa Limón,No especificada,No especificada,4,18,,,domingo,12:00,,18/05/2025,18/05/2025,Madrid,Centro,0.0,True,True,True
¡Experimentos locos con el Agua!,Horario: de 11:30 a 12:30 horas.,No especificada,No especificada,6,12,,,domingo,11:30,,18/05/2025,18/05/2025,Madrid,Usera,0.0,True,True,True
PequeRitmo,Taller musical para los más peques en familia.,Cultura y Espectáculos,Música. Talleres,0,3,True,,domingo,12:00,,18/05/2025,18/05/2025,Madrid,Usera,0.0,True,True,True
La pequeña Yak y el elefante curioso,"Duendes, tesoros, aventuras, misterios... Las bibliotecas están llenas de historias que cuenteros y cuenteras nos acercan a través de su creatividad y su magia.",Cultura y Espectáculos,Magia,4,18,True,,domingo,12:00,,18/05/2025,18/05/2025,Madrid,Usera,0.0,True,True,True
Mi amiga madrileña,Los domingos del Pozo.,No especificada,No especificada,,,,,domingo,12:00,,18/05/2025,18/05/2025,Madrid,Puente de Vallecas,0.0,True,True,True
"La sorpresa del oso Andrés, con arte fusión títeres","Ejemplifica el disfrute de ser libre y de sentir la propia identidad, incluso en soledad. La elección de un oso polar de vivir en un bosque y sentir que nuevos amigos y amigas pueden enriquecer su vida.",No especificada,No especificada,4,18,,,domingo,12:30,,18/05/2025,18/05/2025,Madrid,Carabanchel,0.0,True,True,True
Zarzuela ‘Antología de la Zarzuela Madrileña’ en Pista deportiva calle Evangelios 4,,No especificada,No especificada,,,,,domingo,20:00,,18/05/2025,18/05/2025,Madrid,,0.0,True,True,True
Caperucita roja,"Lugar: Conjunto Escultórico. Travesía de Felipe de Diego, 29.",No especificada,No especificada,4,18,,,domingo,12:30,,18/05/2025,18/05/2025,Madrid,,0.0,True,True,True
Storytimes,KIDS & US.,No especificada,No especificada,3,8,,,domingo,18:00,,18/05/2025,18/05/2025,Madrid,Hortaleza,0.0,True,True,False
'Las emociones de Gastón: estoy feliz',"Cuentacuentos-taller de escritura y dibujo a raíz del cuento 'Las emociones de Gastón: estoy feliz', un cuento para comprender y compartir las emociones en familia, en este caso enfocado a la felicidad.",Cultura y Espectáculos,Talleres,4,8,True,,domingo,12:00,,18/05/2025,18/05/2025,Madrid,Centro,0.0,True,True,True
El payaso musical,Bang Bang Producciones.,Cultura y Espectáculos,Circo. Música,3,18,,,domingo,12:00,,18/05/2025,18/05/2025,Madrid,Centro,0.0,True,True,True
3º Festival de Artes Escénicas para la primera infancia. Espuma de mar,Compañía Titirisolfa.,Cultura y Espectáculos,Teatro Infantil,5,5,,,domingo,,,18/05/2025,18/05/2025,Madrid,Hortaleza,0.0,True,True,True
Zumikids,Compañía Zumo animaciones.,Cultura y Espectáculos,Teatro Infantil,,,,,domingo,12:00,,18/05/2025,18/05/2025,Madrid,,0.0,True,True,False
Rutas guiadas por el Parque Forestal de Valdebebas. Mayo 2025,,Aire Libre,Parques y jardines,,,,,domingo,,,18/05/2025,18/05/2025,Madrid,,0.0,True,True,False
'Con mis manitas',"Nunca es demasiado pronto para iniciar a los bebés en el maravilloso mundo del libro y la lectura. Además de estimular su imaginación, descubrirán colores, sonidos y palabras que enriquecerán su vocabulario.",Cultura y Espectáculos,Club de lectura,,,,,lunes,17:30,,19/05/2025,19/05/2025,Madrid,Centro,0.0,True,True,True
Talleres infantiles CC Buenavista,“Talleres infantiles CC. Buenavista”,Cultura y Espectáculos,Talleres,,,,,"lunes, viernes",,,19/05/2025,30/05/2025,Madrid,Salamanca,0.0,True,True,True
'Con mis manitas',"Nunca es demasiado pronto para iniciar a los bebés en el maravilloso mundo del libro y la lectura. Además de estimular su imaginación, descubrirán colores, sonidos y palabras que enriquecerán su vocabulario.",Cultura y Espectáculos,Club de lectura,,,True,,miércoles,17:30,,21/05/2025,21/05/2025,Madrid,Barajas,0.0,True,True,True
The cook and the king,Vamos a leer en inglés y a divertirnos en la biblioteca.,Educación,Idiomas,5,18,True,,miércoles,18:00,,21/05/2025,21/05/2025,Madrid,Salamanca,0.0,True,True,True
La tortuga de Darwin. IEM- CSIC,,No especificada,No especificada,,,,,miércoles,18:30,,21/05/2025,21/05/2025,Madrid,Vicálvaro,0.0,True,True,False
'Había una vez una iguana',"Nunca es demasiado pronto para iniciar a los bebés en el maravilloso mundo del libro y la lectura. Además de estimular su imaginación, descubrirán colores, sonidos y palabras que enriquecerán su vocabulario.",Cultura y Espectáculos,Club de lectura,,,True,,jueves,17:30,,22/05/2025,22/05/2025,Madrid,Tetuán,0.0,True,True,True
A taste of the moon,Vamos a leer en inglés y a divertirnos en la biblioteca.,Educación,Idiomas,2,18,True,,jueves,17:30,,22/05/2025,22/05/2025,Madrid,Ciudad Lineal,0.0,True,True,True
Historia de Piratas,A cargo de la compañía Fantasma Teatro.,Cultura y Espectáculos,Teatro Infantil,4,18,,,viernes,18:00,,23/05/2025,23/05/2025,Madrid,Centro,0.0,True,True,False
Teatro en familia,Taller de teatro.,Cultura y Espectáculos,Talleres. Teatro Infantil,5,18,,,viernes,17:30,,23/05/2025,23/05/2025,Madrid,Usera,0.0,True,True,True
Acercándonos al circo: taller iniciación al circo,¡Diviértete aprendiendo mientras descubres todo lo que eres capaz de hacer!Probarás las técnicas que hacen del circo el mayor espectáculo del mundo de la mano de la profesora de la compañía La Tortuga Veloz.,Cultura y Espectáculos,Circo. Talleres. Teatro Infantil,4,18,,,viernes,18:00,,23/05/2025,23/05/2025,Madrid,Carabanchel,0.0,True,True,True
The far West,¡Yee-Haw! ¡El Lejano Oeste está aquí!,No especificada,No especificada,3,10,True,,viernes,18:00,,23/05/2025,23/05/2025,Madrid,San Blas-Canillejas,0.0,True,True,True
Las aventuras del circo de los sueños,Compañía: Zumo Animaciones,Cultura y Espectáculos,Circo. Teatro Infantil,4,18,,,viernes,12:00,,23/05/2025,23/05/2025,Madrid,,0.0,True,True,True
Humor a la cara,CON YAGUETE FILETE,No especificada,No especificada,4,18,,,viernes,18:00,,23/05/2025,23/05/2025,Madrid,Ciudad Lineal,0.0,True,True,True
"Cuentacuentos: ""Buscando tesoros""",A cargo de la payasa Cocolô.,No especificada,No especificada,,,,,viernes,18:00,,23/05/2025,23/05/2025,Madrid,Centro,0.0,True,True,False
Talleres Juvenil-Adultos,Para adultos y mayores de 12 años acompañados. Máximo 20 plazas.,Cultura y Espectáculos,Talleres,12,18,,,viernes,17:30,,23/05/2025,23/05/2025,Madrid,Centro,0.0,True,True,False
The three little pigs... y el lobo,Compañía Marimba Teatro.,Cultura y Espectáculos,Teatro Infantil,6,18,,,viernes,18:30,,23/05/2025,23/05/2025,Madrid,Hortaleza,0.0,True,True,True
El Fado de Ulisses - Rodopio d´ideias (Portugal),"El Fado de Ulises es un espectáculo teatral que narra la historia de La Odisea de Homero, utilizando como recursos el fado, la música típica de Lisboa, y las marionetas.",Cultura y Espectáculos,Títeres y marionetas,,,,,"sábado, domingo",,,24/05/2025,25/05/2025,Madrid,Retiro,0.0,True,False,True
Taller de traducción para pequeños lingüistas,"En este taller y tomando como referencia el libro ¡Ey, ey, ey, Taxi!, del autor alemán Saša Stanišić y la ilustradora Katja Spitzer, nos convertiremos en pequeños traductores y ayudaremos a las palabras y las ilustraciones a traspasar miles de fronteras. ¿Estás listo para esta aventura?",Cultura y Espectáculos. Educación,Idiomas. Talleres,8,12,,,sábado,12:00,,24/05/2025,24/05/2025,Madrid,,0.0,True,False,True
Personajes ilustrados,"¿Por qué no podrían ser los participantes en este taller los creadores de la próxima gran estrella del cómic? Los participantes darán vida a nuestro propio personaje. Desde ponerle un nombre e inventar la historia de su vida, hasta el dibujo y diseño de sus características físicas.",Cultura y Espectáculos,Talleres,,,,,sábado,17:00,,24/05/2025,24/05/2025,Madrid,,,True,False,True
DisneMagical,Compañía: La Tomasa Teatro.,Cultura y Espectáculos,Teatro Infantil,3,18,,,sábado,12:00,,24/05/2025,24/05/2025,Madrid,Usera,0.0,True,True,True
El Oso Yogui,(2010 – Eric Brevig).,No especificada,No especificada,,,,,sábado,12:00,,24/05/2025,24/05/2025,Madrid,Centro,0.0,True,True,False
Kalevala,Entrada libre hasta completar aforo.,No especificada,No especificada,,,,,sábado,12:00,,24/05/2025,24/05/2025,Madrid,Retiro,0.0,True,False,True
Terracota,Teatro infantil.,Cultura y Espectáculos,Teatro Infantil,3,9,,,sábado,12:00,,24/05/2025,24/05/2025,Madrid,Retiro,0.0,True,False,True
La brujita pastelera,Sin descripción,No especificada,No especificada,,,,,sábado,19:00,,24/05/2025,24/05/2025,Madrid,,0.0,True,True,True
Las hadas de luz,Asociación Familiaplim,No especificada,No especificada,,,,,sábado,12:30,,24/05/2025,24/05/2025,Madrid,Centro,0.0,True,True,True
'Aserrín-Aserrán',"Nunca es demasiado pronto para iniciar a los bebés en el maravilloso mundo del libro y la lectura. Además de estimular su imaginación, descubrirán colores, sonidos y palabras que enriquecerán su vocabulario.",Cultura y Espectáculos,Club de lectura,,,True,,sábado,12:00,,24/05/2025,24/05/2025,Madrid,Usera,0.0,True,True,True
Una de ratones,Compañía: Surcante,Cultura y Espectáculos,Teatro Infantil,4,18,,,sábado,18:00,,24/05/2025,24/05/2025,Madrid,,0.0,True,True,True
Fantástica Leonora,CÍA. LAPOTINGUELE PROD.,No especificada,No especificada,5,5,,,sábado,18:00,,24/05/2025,24/05/2025,Madrid,Ciudad Lineal,0.0,True,True,True
"INFANTIL. Indeleble Producciones, presenta “Mi Camita”","Mica llega para irse… Para irse a su camita. Parece sencillo, pero Mica se enreda porque el abrigo va por su cuenta, se complica porque los zapatos le bailan solos, descubre que su pijama está del revés, juega con una pluma al caer y soluciona porque su sábana sabe un montón de secretos. Pí Pi…ja, ja, jaaa…mamá…. ¡¡¡PIJAMA!!!",No especificada,No especificada,4,18,,,sábado,18:00,,24/05/2025,24/05/2025,Madrid,Ciudad Lineal,0.0,True,True,True
"INFANTIL. Tralalart, presenta “Una noche de espías”","Pía y Merche, dos chicas con motivaciones muy distintas, empiezan su turno de limpieza en un edificio Súper Secreto donde, inesperadamente, se adentran en una misión que cambiará sus vidas. Con la ayuda de nuevos amigos y superando obstáculos absurdos, Pía y Merche avanzarán en su búsqueda, listos para resolver el misterio de la fórmula secreta… ¡Y enfrentar las sorpresas que se cruzarán en su camino!",No especificada,No especificada,5,18,,,sábado,18:00,,24/05/2025,24/05/2025,Madrid,Ciudad Lineal,0.0,True,True,True
La Rata Rita,,No especificada,No especificada,,,,,sábado,19:00,,24/05/2025,24/05/2025,Madrid,Centro,0.0,True,False,True
Concierto - A Ambos Lados del Atlántico 2,Sin descripción,Cultura y Espectáculos,Conciertos. Música,,,,,sábado,19:00,,24/05/2025,24/05/2025,Madrid,Chamberí,0.0,True,True,True
Cuentacuentos con pictogramas: Miau miau,A cargo de Israel Hergón.,No especificada,No especificada,4,4,,,sábado,12:00,,24/05/2025,24/05/2025,Madrid,Centro,0.0,True,True,False
El Dragón de los deseos,Sin descripción,No especificada,No especificada,8,18,,,sábado,12:00,,24/05/2025,24/05/2025,Madrid,Moratalaz,0.0,True,True,True
Jornadas Especiales,Para familias con menores a partir de 6 años.,No especificada,No especificada,6,18,,,sábado,11:00,,24/05/2025,24/05/2025,Madrid,Centro,0.0,True,True,False
"Pez al revés, presenta “Ronda al revés”",,No especificada,No especificada,,,,,sábado,12:00,,24/05/2025,24/05/2025,Madrid,Vicálvaro,0.0,True,True,False
Sim Salabim,Compañía Carlos Adriano.,Cultura y Espectáculos,Teatro Infantil,,,,,sábado,17:00,,24/05/2025,24/05/2025,Madrid,,0.0,True,True,False
Folklore en Familia: concierto de Vibra-Tó - Chamberí,"Joaquín y Miguel llevan más de 20 años creando instrumentos musicales a partir de objetos cotidianos. Recogedores que suenan por bulerías, regaderas jazzeras, latas que son guitarras y sitares, y panderos de globos, trompetas con mangueras y embudos… Estos dos músicos-pedagogos multiinstrumentistas interpretan composiciones propias y músicas del folclore universal con sus cacharros y lo explican de una forma didáctica y divertida.",Cultura y Espectáculos,Conciertos. Música,,,,,domingo,12:30,,25/05/2025,25/05/2025,Madrid,Chamberí,0.0,True,False,True
Folklore en Familia: taller de Vibra-Tó - Chamberí,Te gustaría aprender a fabricar tu propio instrumento?,Cultura y Espectáculos,Talleres,0,7,True,,domingo,11:00,,25/05/2025,25/05/2025,Madrid,Chamberí,0.0,True,False,True
Sirocco y el reino de los vientos,Director: Benoit Chieux.,No especificada,No especificada,4,8,,,domingo,12:00,,25/05/2025,25/05/2025,Madrid,Centro,0.0,True,True,True
El enfermo imaginario,Cía. Vidas de Alambre,No especificada,No especificada,6,18,,,domingo,12:00,,25/05/2025,25/05/2025,Madrid,Centro,0.0,True,True,True
Oliverio Satisfecho,Compañía: Oliverio.,Cultura y Espectáculos,Teatro Infantil,,,,,domingo,12:00,,25/05/2025,25/05/2025,Madrid,Usera,0.0,True,True,True
La hora de Rockear,Grupo Cómics,No especificada,No especificada,6,18,,,domingo,12:00,,25/05/2025,25/05/2025,Madrid,Centro,0.0,True,True,True
Descubre las aves del Parque de Pradolongo,Senda ornitológica por el Parque de Pradolongo.,Aire Libre,Parques y jardines,10,18,,,domingo,10:00,,25/05/2025,25/05/2025,Madrid,Usera,0.0,True,True,True
Títeres agua,Horario:﻿ de 12 a 13 horas.,No especificada,No especificada,6,9,,,domingo,12:00,,25/05/2025,25/05/2025,Madrid,Usera,0.0,True,True,True
¡NO PUEDE SER! Mago Roncero,Recomendada para todos los públicoS,No especificada,No especificada,,,,,domingo,12:30,,25/05/2025,25/05/2025,Madrid,Centro,0.0,True,True,True
La reina de colores por Andrea Ortúzar,"Las historias de la escritora e ilustradora alemana Jutta Bauer, merecedora del Premio Andersen, protagonizan esta sesión de cuentos infantiles imprescindibles, emotivos y tiernos.",Cultura y Espectáculos. La Ciudad,Actividades. Club de lectura. Cuentacuentos,4,18,,,domingo,12:30,,25/05/2025,25/05/2025,Madrid,Carabanchel,0.0,True,True,True
El ruiseñor y el emperador de la China,,No especificada,No especificada,,,,,domingo,12:00,,25/05/2025,25/05/2025,Madrid,Centro,0.0,True,False,True
Taller y concierto infantil - Vibra Tó,Sin descripción,Cultura y Espectáculos,Conciertos. Música. Talleres,,,,,domingo,11:00,,25/05/2025,25/05/2025,Madrid,Chamberí,0.0,True,True,True
"Cuentacuentos teatralizado con pictogramas: ""Cosquillas en el corazón""",Cía. Gallinero de Micaela.,No especificada,No especificada,3,8,,,domingo,12:00,,25/05/2025,25/05/2025,Madrid,Centro,0.0,True,True,False
"Menú2, con la compañía El Circodromo","Menu2 acerca la extrovertida complicidad entre dos personajes que buscan impactar al público con su extravagancia y su peculiar humor. Su estética retro esta desfasada y al darse cuenta de ello intenta suplantar su aspecto con sus increíbles manipulaciones, equilibrios, acrobacias y humor. Sin duda un espectáculo diferente y divertido apto para cardíacos.",Cultura y Espectáculos,Teatro Infantil,5,18,,,domingo,12:30,,25/05/2025,25/05/2025,Madrid,Carabanchel,0.0,True,True,True
Taller 'Insectos y otros pequeños habitantes de La Cabaña',,Cultura y Espectáculos,Talleres,,,,,domingo,11:00,,25/05/2025,25/05/2025,Madrid,Retiro,0.0,True,True,False
Oliverio Satisfecho,Compañía Oliverio.,Cultura y Espectáculos,Teatro Infantil,6,18,,,domingo,18:00,,25/05/2025,25/05/2025,Madrid,Hortaleza,0.0,True,True,True
Pizza a la mozartella,Diverlírica.,No especificada,No especificada,3,18,,,domingo,12:00,,25/05/2025,25/05/2025,Madrid,Centro,0.0,True,True,False
"Cacahuete, el más divertido del mundo",Compañía Bang Bang.,Cultura y Espectáculos,Teatro Infantil,,,,,domingo,12:00,,25/05/2025,25/05/2025,Madrid,,0.0,True,True,False
Rutas guiadas por el Parque Forestal de Valdebebas. Mayo 2025,,Aire Libre,Parques y jardines,,,,,domingo,,,25/05/2025,25/05/2025,Madrid,,0.0,True,True,False
El fantasma de la pera,Compañía:. Marimba Marionetas (Especial San Isidro).,Cultura y Espectáculos,Teatro Infantil. Títeres y marionetas,12,12,,,martes,12:00,,27/05/2025,27/05/2025,Madrid,Salamanca,0.0,True,True,True
Cine infantil en la Biblioteca María Lejárraga: 'Clifford: el gran perro rojo',Ven a la biblioteca a disfrutar del cine.,No especificada,No especificada,,,,,jueves,18:00,,29/05/2025,29/05/2025,Madrid,Hortaleza,0.0,True,True,True
A taste of the moon,Vamos a leer en inglés y a divertirnos en la biblioteca.,Educación,Idiomas,2,18,,,jueves,17:30,,29/05/2025,29/05/2025,Madrid,Tetuán,0.0,True,True,True
Magia con Pablo,"Prepárate para un show de magia espectacular con el Mago Pablo Molina. Con su asombroso repertorio de trucos y un toque de humor, hará que los niños vivan una experiencia mágica e inolvidable llena de sorpresas y risas. ¡Una aventura mágica que encantará a toda la familia!.",Cultura y Espectáculos,Magia,5,18,,,viernes,18:00,,30/05/2025,30/05/2025,Madrid,Carabanchel,0.0,True,True,True
Exposición  alumnos infantil taller de pintura Centro cultural Antonio Machado,Exposición de pintura,Cultura y Espectáculos,Exposiciones. Talleres,,,,,viernes,,,30/05/2025,13/06/2025,Madrid,Centro,0.0,True,True,True
'Había una vez una iguana',"Nunca es demasiado pronto para iniciar a los bebés en el maravilloso mundo del libro y la lectura. Además de estimular su imaginación, descubrirán colores, sonidos y palabras que enriquecerán su vocabulario.",Cultura y Espectáculos,Club de lectura,,,True,,viernes,17:30,,30/05/2025,30/05/2025,Madrid,Ciudad Lineal,0.0,True,True,True
El príncipe que quería ser rey,Compañía. Iberoamericana,Cultura y Espectáculos,Teatro Infantil,4,10,,,viernes,18:00,,30/05/2025,30/05/2025,Madrid,Villa de Vallecas,0.0,True,True,True
Talleres infantiles en la plaza del Pueblo,,Cultura y Espectáculos,Talleres,,,,,viernes,18:00,,30/05/2025,30/05/2025,Madrid,,0.0,True,True,True
Espectáculo infantil: ` Pomp Art´,Sin descripción,No especificada,No especificada,,,,,viernes,18:00,,30/05/2025,30/05/2025,Madrid,Villaverde,0.0,True,True,True
Cuentos mágicos,Compañía Elástica.,Cultura y Espectáculos,Club de lectura. Teatro Infantil,3,18,,,viernes,18:30,,30/05/2025,30/05/2025,Madrid,Hortaleza,0.0,True,True,True
Pequemonstro - Teatro de Carmen (Región de Murcia),"UMilo es un niño revoltoso al que le encanta gastar bromas a su hermano mayor Gabi. Tras un apagón, el pequeño Milo desaparece y Gabi tendrá que poner a prueba todo su valor para recuperar a su hermano. En esta aventura se encontrará con divertidos y sorprendentes monstruos y descubrirá que cualquier miedo se puede superar.",Cultura y Espectáculos,Teatro Infantil,,,,,"sábado, domingo",18:30,,31/05/2025,01/06/2025,Madrid,Retiro,0.0,True,False,True
La Sirenita,Compañía: Fénix producciones.,Cultura y Espectáculos,Teatro Infantil,,,,,sábado,12:00,,31/05/2025,31/05/2025,Madrid,Usera,0.0,True,True,True
Pasaporte al espacio,Compañía: AstroAfición.,Cultura y Espectáculos,Teatro Infantil,3,12,,,sábado,12:35,13:35,31/05/2025,31/05/2025,Madrid,Usera,0.0,True,True,True
Las Aventuras de Tintín: El Secreto del Unicornio”. (2011 Las Aventuras de Tintín: El Secreto del Unicornio – Eric Brevig).,"Tintín, un joven periodista, y su leal perro Milú descubren que la ma queta de un barco contiene un enigmático y secular secreto que de ben investigar. A partir de ese momento, Tintín se verá acosado por un diabólico villano que cree que el joven ha robado un valioso tesoro vinculado a un cruel pirata llamado Rackham el Rojo.",No especificada,No especificada,,,,,sábado,12:00,,31/05/2025,31/05/2025,Madrid,Centro,0.0,True,True,False
¡Soy el chico/a del tiempo!,Horario: ﻿de 12 a 13 horas.,No especificada,No especificada,6,18,,,sábado,12:00,,31/05/2025,31/05/2025,Madrid,Usera,0.0,True,True,True
La niña bombera,Jorge y Esther son dos amigos del cole que tienen mucha ilusión por ser mayores y sobre todo Esther quiere llegar a ser mayor para conducir un coche de bomberos... por su parte a Jorge le encanta cocinar y siempre que puede hace unos bocadillos riquísimos para su amiga.... ¿Podrán conseguir sus sueños de mayores? que les parece a los niños del publico esto? y ellos por su parte ¿qué sueños tienen?,No especificada,No especificada,,,,,sábado,19:00,,31/05/2025,31/05/2025,Madrid,,0.0,True,True,True
Partida de rol: Cthulhu en la biblioteca,,No especificada,No especificada,,,,,sábado,12:00,,31/05/2025,31/05/2025,Madrid,Centro,0.0,True,True,False
La historia interminable,1984,No especificada,No especificada,,,,,sábado,18:00,,31/05/2025,31/05/2025,Madrid,,0.0,True,True,True
Animalitos en la granja,,No especificada,No especificada,,,,,sábado,19:00,,31/05/2025,31/05/2025,Madrid,Centro,0.0,True,False,True
"INFANTIL - CUENTACUENTOS. “Kalevala, un viaje mágico” por Cecilia Anahí","¡Bienvenidos a un mundo de fantasía y aventura! “Kalevala: un viaje mágico” es un espectáculo encantador que invita a los niños a sumergirse en la rica epopeya finlandesa del Kalevala, a través de la magia de la danza, la música y la narración.",Cultura y Espectáculos,Bailes. Magia. Música,,,,,sábado,18:00,,31/05/2025,31/05/2025,Madrid,Ciudad Lineal,0.0,True,True,True
Coral voces bravas,Coro Therpsicore. Aquellas pequeñas cosas.,No especificada,No especificada,,,,,sábado,19:00,,31/05/2025,31/05/2025,Madrid,Chamberí,0.0,True,True,True
Musical Infantil Chispitas,,Cultura y Espectáculos,Música,,,,,sábado,13:00,,31/05/2025,31/05/2025,Madrid,Usera,0.0,True,True,True
Desmontando la zarzuela,"Acabada una representación, el público aplaude, o no… ; los críticos alaban la labor, o no…; losamigos y familiares de los artistas se enorgullecen de ellos…, o no…. Pero ¿qué ocurrirá después?",No especificada,No especificada,,,,,sábado,18:00,,31/05/2025,31/05/2025,Madrid,Salamanca,0.0,True,True,True
Misión espacial,Compañía Ciencia divertida.,Cultura y Espectáculos,Teatro Infantil,,,,,sábado,17:00,,31/05/2025,31/05/2025,Madrid,,0.0,True,True,True
Tres historias tres - Ángeles de trapo (Andalucía),"Una obra de teatro de títeres tradicional, en donde tres historias muy divertidas lograrán la participación de los niños y niñas desde el primer momento. Dos hermanos bebés muy simpáticos serán los encargados de presentar estas historias, no sin antes hacer sus clásicas travesuras.",Cultura y Espectáculos,Teatro Infantil. Títeres y marionetas,,,,,"sábado, domingo",18:30,,07/06/2025,08/06/2025,Madrid,Retiro,0.0,True,False,True
La Principita,Reparto de entradas gratuitas desde una hora antes en el centro cultural. Máximo dos entradas por persona hasta completar aforo.,No especificada,No especificada,4,18,,,sábado,12:00,,14/06/2025,14/06/2025,Madrid,Retiro,0.0,True,False,True
Caperucita roja - El retablo (Madrid),"Una compañía de títeres comienza a representar la obra teatral en tres actos y un epílogo titulada ""Caperucita Roja"". Pero pronto comienzan los problemas: personajes de otros cuentos irrumpen en escena sin venir a cuento. Persecuciones, risas y enredos se suceden rápidamente en esta disparatada versión para títeres del cuento clásico de Perrault.",Cultura y Espectáculos,Club de lectura. Teatro Infantil,3,18,,,"sábado, domingo",18:30,,14/06/2025,15/06/2025,Madrid,Retiro,0.0,True,False,True
Mari la mariquita,,No especificada,No especificada,,,,,domingo,11:00,,15/06/2025,15/06/2025,Madrid,Centro,0.0,True,True,False
Planeta Tierra - Títeres Sol y Tierra (Madrid),"Una conferencia sobre nuestro planeta llena de interrupciones, invitados y no invitados y peras… ¿Peras? Bueno, parece que va a ser una conferencia complicada. Juntos descubriremos cómo surgió la vida en la tierra y los distintos tipos de criaturas que la han ido poblando. Pero una nueva forma de vida, el ser humano, amenaza la pacífica existencia de nuestro planeta con costumbres muy dañinas. ¿Qué podemos hacer para ayudar?",No especificada,No especificada,,,,,"sábado, domingo",18:30,,21/06/2025,22/06/2025,Madrid,Retiro,0.0,True,False,True
Campamento del Price (7 y 8 años),"Efecto Tamariz es una propuesta para el aprendizaje de la Magia, que destila la esencia y filosofía Tamariz, una esencia compuesta por el amor a la Magia, por la alta calidad artística, por una combinación perfecta entre Magia y Humor, y un sinfín de detalles que, durante más de cincuenta años, se han ido desarrollando.",Cultura y Espectáculos. Educación,Campamentos Urbanos. Magia,,,,,"lunes, viernes",09:00,14:30,23/06/2025,18/07/2025,Madrid,,,True,False,True
Campamento del Price (9 y 10 años),"Efecto Tamariz es una propuesta para el aprendizaje de la Magia, que destila la esencia y filosofía Tamariz, una esencia compuesta por el amor a la Magia, por la alta calidad artística, por una combinación perfecta entre Magia y Humor, y un sinfín de detalles que, durante más de cincuenta años, se han ido desarrollando.",Cultura y Espectáculos. Educación,Campamentos Urbanos. Magia,,,,,"lunes, viernes",09:00,14:30,23/06/2025,18/07/2025,Madrid,,,True,False,True
Campamento del Price (11 y 12 años),"Efecto Tamariz es una propuesta para el aprendizaje de la Magia, que destila la esencia y filosofía Tamariz, una esencia compuesta por el amor a la Magia, por la alta calidad artística, por una combinación perfecta entre Magia y Humor, y un sinfín de detalles que, durante más de cincuenta años, se han ido desarrollando.",Cultura y Espectáculos. Educación,Campamentos Urbanos. Magia,,,,,"lunes, viernes",09:00,14:30,23/06/2025,18/07/2025,Madrid,,,True,False,True
Campamentos de verano 2025 en Puente de Vallecas,"Se ofertan 250 plazas por cada quincena, para menores nacidos entre los años 2013 y 2021 cuyas familias estén empadronadas en el distrito y que los padres/tutores se encuentren trabajando o estudiando que permitan prevenir situaciones de riesgo y por otro ofrecer un ocio saludable durante las vacaciones escolares de verano.",La Ciudad,Verano,4,12,True,,,17:00,,,,Madrid,Puente de Vallecas,0.0,True,False,True
Campamento de Verano 2025 en Villaverde,"Se realizarán actividades de ocio lúdico-educativas, incluyendo los servicios de desayuno y comida.",Educación. La Ciudad,Campamentos Urbanos. Verano,,,,,"lunes, jueves, viernes",,,23/06/2025,31/07/2025,Madrid,Villaverde,0.0,True,False,True
Campamentos de verano 2025 para menores nacidos 2013-2021,Sin descripción,La Ciudad,Verano,3,12,,,"lunes, viernes",08:30,15:30,23/06/2025,29/08/2025,Madrid,,0.0,True,True,False
Verde que te quiero verde - Zaguán Teatro (Castilla La Mancha),"En 1923, un joven Federico García Lorca decidió que les haría un regalo navideño a su hermanita Isabel y a los niños de Granada: su primer espectáculo de títeres. ""La niña que riega la albahaca y el príncipe preguntón"" y otros entremeses, harían la delicia de los pequeños, gracias a los muñecos construidos por Hermenegildo Lanz y el piano maravilloso de Manuel de Falla.",Cultura y Espectáculos,Teatro Infantil,,,,,"sábado, domingo",18:30,,28/06/2025,29/06/2025,Madrid,Retiro,0.0,True,False,True
Los más pequeños también plantamos,,No especificada,No especificada,,,,,domingo,11:00,,29/06/2025,29/06/2025,Madrid,Centro,0.0,True,True,False
Campamento urbano de verano en Usera,"Campamento para niños y niñas donde se realizarán actividades de ocio lúdico-educativas, incluyendo los servicios de desayuno, comida y merienda.",Educación. La Ciudad,Campamentos Urbanos. Verano,3,18,True,,"martes, viernes",07:30,09:00,01/07/2025,05/09/2025,Madrid,Usera,0.0,True,False,True
Campamentos de verano 2025 para adolescentes nacidos 2009-2012,Dirigido a menores de 13 a 16 años (nacidos entre 2009 y 2012).,La Ciudad,Verano,13,16,,,"lunes, viernes",,,07/07/2025,18/07/2025,Madrid,,0.0,True,True,False
