titulo,tipo,lugar,distrito,fecha_inicio,fecha_fin,url
Talleres creativos en idioma serbio,CURSOS Y TALLERES,Biblioteca Pública Municipal Iván de Vargas (Centro),CENTRO,domingo 22 de septiembre de 2024,domingo 22 de junio de 2025,https://www.madrid.es/portales/munimadrid/es/Inicio/Cultura-ocio-y-deporte/Talleres-creativos-en-idioma-serbio/?vgnextfmt=default&vgnextoid=394cdaa14d721910VgnVCM2000001f4a900aRCRD&vgnextchannel=7911f073808fe410VgnVCM2000000c205a0aRCRD
Tertulias en Inglés (infantil) Biblioteca Vallecas,CURSOS Y TALLERES,Biblioteca Pública Municipal Vallecas (Puente de Vallecas),PUENTE DE VALLECAS,miércoles 25 de septiembre de 2024,miércoles 11 de junio de 2025,https://www.madrid.es/portales/munimadrid/es/Inicio/Cultura-ocio-y-deporte/Tertulias-en-Ingles-infantil-Biblioteca-Vallecas/?vgnextfmt=default&vgnextoid=eec46c112bc41910VgnVCM2000001f4a900aRCRD&vgnextchannel=7911f073808fe410VgnVCM2000000c205a0aRCRD
Club de lectura (infantil) Biblioteca David Gistau,"CLUBES DE LECTURA, 
            
            CURSOS Y TALLERES",Biblioteca Pública Municipal David Gistau (Salamanca),SALAMANCA,lunes 30 de septiembre de 2024,lunes 9 de junio de 2025,https://www.madrid.es/portales/munimadrid/es/Inicio/Cultura-ocio-y-deporte/Club-de-lectura-infantil-Biblioteca-David-Gistau/?vgnextfmt=default&vgnextoid=0c4bf9ea99e61910VgnVCM2000001f4a900aRCRD&vgnextchannel=7911f073808fe410VgnVCM2000000c205a0aRCRD
Taller de cómic (Infantil) Biblioteca Pozo del Tío Raimundo,CURSOS Y TALLERES,Biblioteca Pública Municipal Pozo del Tío Raimundo (Puente de Vallecas),PUENTE DE VALLECAS,lunes 30 de septiembre de 2024,lunes 2 de junio de 2025,https://www.madrid.es/portales/munimadrid/es/Inicio/Cultura-ocio-y-deporte/Taller-de-comic-Infantil-Biblioteca-Pozo-del-Tio-Raimundo/?vgnextfmt=default&vgnextoid=fbc06ac373051910VgnVCM2000001f4a900aRCRD&vgnextchannel=7911f073808fe410VgnVCM2000000c205a0aRCRD
Club de lectura (infantil) Biblioteca San Fermín,"CLUBES DE LECTURA, 
            
            CURSOS Y TALLERES",Biblioteca Pública Municipal San Fermín (Usera),USERA,miércoles 2 de octubre de 2024,miércoles 18 de junio de 2025,https://www.madrid.es/portales/munimadrid/es/Inicio/Cultura-ocio-y-deporte/Club-de-lectura-infantil-Biblioteca-San-Fermin/?vgnextfmt=default&vgnextoid=6304ee4e073b2910VgnVCM1000001d4a900aRCRD&vgnextchannel=7911f073808fe410VgnVCM2000000c205a0aRCRD
Taller de ajedrez avanzado (Infantil-juvenil) Biblioteca Gabriel Gª Márquez,CURSOS Y TALLERES,Biblioteca Pública Municipal Gabriel García Márquez (Usera),USERA,miércoles 2 de octubre de 2024,miércoles 11 de junio de 2025,https://www.madrid.es/portales/munimadrid/es/Inicio/Cultura-ocio-y-deporte/Taller-de-ajedrez-avanzado-Infantil-juvenil-Biblioteca-Gabriel-G-Marquez/?vgnextfmt=default&vgnextoid=3e7958cef3391910VgnVCM2000001f4a900aRCRD&vgnextchannel=7911f073808fe410VgnVCM2000000c205a0aRCRD
Taller de juegos (infantil) Biblioteca Francisco Ayala,CURSOS Y TALLERES,Biblioteca Pública Municipal Francisco Ayala (Vicálvaro),VICALVARO,miércoles 2 de octubre de 2024,miércoles 28 de mayo de 2025,https://www.madrid.es/portales/munimadrid/es/Inicio/Cultura-ocio-y-deporte/Taller-de-juegos-infantil-Biblioteca-Francisco-Ayala/?vgnextfmt=default&vgnextoid=3bce32fa46a61910VgnVCM1000001d4a900aRCRD&vgnextchannel=7911f073808fe410VgnVCM2000000c205a0aRCRD
Ludoteca en Centro Cultural  Miguel Hernández,Sin tipo,Centro Cultural Miguel Hernández (Latina),LATINA,viernes 4 de octubre de 2024,sábado 28 de junio de 2025,https://www.madrid.es/portales/munimadrid/es/Inicio/Cultura-ocio-y-deporte/Ludoteca-en-Centro-Cultural-Miguel-Hernandez/?vgnextfmt=default&vgnextoid=424529ae67e9e810VgnVCM2000001f4a900aRCRD&vgnextchannel=7911f073808fe410VgnVCM2000000c205a0aRCRD
Ludoteca en Centro Cultural Sara Montiel,Sin tipo,Centro Cultural Sara Montiel (Latina),LATINA,viernes 4 de octubre de 2024,sábado 28 de junio de 2025,https://www.madrid.es/portales/munimadrid/es/Inicio/Cultura-ocio-y-deporte/Ludoteca-en-Centro-Cultural-Sara-Montiel/?vgnextfmt=default&vgnextoid=4f9000e8cdd9e810VgnVCM2000001f4a900aRCRD&vgnextchannel=7911f073808fe410VgnVCM2000000c205a0aRCRD
Ludoteca en Centro Sociocultural El Greco,Sin tipo,Centro Sociocultural El Greco (Latina),LATINA,viernes 4 de octubre de 2024,sábado 28 de junio de 2025,https://www.madrid.es/portales/munimadrid/es/Inicio/Cultura-ocio-y-deporte/Ludoteca-en-Centro-Sociocultural-El-Greco/?vgnextfmt=default&vgnextoid=4a5029ae67e9e810VgnVCM2000001f4a900aRCRD&vgnextchannel=7911f073808fe410VgnVCM2000000c205a0aRCRD
Ludoteca en Centro Cultural Fernando de los Ríos,Sin tipo,Centro Cultural Fernando de los Ríos (Latina),LATINA,viernes 4 de octubre de 2024,sábado 28 de junio de 2025,https://www.madrid.es/portales/munimadrid/es/Inicio/Cultura-ocio-y-deporte/Ludoteca-en-Centro-Cultural-Fernando-de-los-Rios/?vgnextfmt=default&vgnextoid=c62cdfaf0ae9e810VgnVCM2000001f4a900aRCRD&vgnextchannel=7911f073808fe410VgnVCM2000000c205a0aRCRD
Ludoteca en Centro Sociocultural Almirante Churruca,Sin tipo,Centro Sociocultural Almirante Churruca (Latina),LATINA,viernes 4 de octubre de 2024,sábado 28 de junio de 2025,https://www.madrid.es/portales/munimadrid/es/Inicio/Cultura-ocio-y-deporte/Ludoteca-en-Centro-Sociocultural-Almirante-Churruca/?vgnextfmt=default&vgnextoid=eb0e29ae67e9e810VgnVCM2000001f4a900aRCRD&vgnextchannel=7911f073808fe410VgnVCM2000000c205a0aRCRD
Ludoteca en Centro Cultural José Luis Sampedro,Sin tipo,Centro Cultural José Luis Sampedro (Latina),LATINA,viernes 4 de octubre de 2024,sábado 28 de junio de 2025,https://www.madrid.es/portales/munimadrid/es/Inicio/Cultura-ocio-y-deporte/Ludoteca-en-Centro-Cultural-Jose-Luis-Sampedro/?vgnextfmt=default&vgnextoid=88f129ae67e9e810VgnVCM2000001f4a900aRCRD&vgnextchannel=7911f073808fe410VgnVCM2000000c205a0aRCRD
Taller de cómic (juvenil) Biblioteca Iván de Vargas,CURSOS Y TALLERES,Biblioteca Pública Municipal Iván de Vargas (Centro),CENTRO,sábado 5 de octubre de 2024,sábado 7 de junio de 2025,https://www.madrid.es/portales/munimadrid/es/Inicio/Cultura-ocio-y-deporte/Taller-de-comic-juvenil-Biblioteca-Ivan-de-Vargas/?vgnextfmt=default&vgnextoid=fb9a63238a0b3910VgnVCM1000001d4a900aRCRD&vgnextchannel=7911f073808fe410VgnVCM2000000c205a0aRCRD
Ludoteca en Centro Sociocultural Rosario Acuña,Sin tipo,Centro Sociocultural Rosario de Acuña (Latina),LATINA,sábado 5 de octubre de 2024,sábado 28 de junio de 2025,https://www.madrid.es/portales/munimadrid/es/Inicio/Cultura-ocio-y-deporte/Ludoteca-en-Centro-Sociocultural-Rosario-Acuna/?vgnextfmt=default&vgnextoid=109ddfaf0ae9e810VgnVCM2000001f4a900aRCRD&vgnextchannel=7911f073808fe410VgnVCM2000000c205a0aRCRD
Ludotecas en Centro Sociocultural Latina,Sin tipo,Sin lugar,Sin distrito,sábado 5 de octubre de 2024,sábado 28 de junio de 2025,https://www.madrid.es/portales/munimadrid/es/Inicio/Cultura-ocio-y-deporte/Ludotecas-en-Centro-Sociocultural-Latina/?vgnextfmt=default&vgnextoid=59c61197cb41f810VgnVCM1000001d4a900aRCRD&vgnextchannel=7911f073808fe410VgnVCM2000000c205a0aRCRD
Taller de juegos (infantil) Biblioteca Gabriel Gª Márquez,CURSOS Y TALLERES,Biblioteca Pública Municipal Gabriel García Márquez (Usera),USERA,jueves 17 de octubre de 2024,jueves 29 de mayo de 2025,https://www.madrid.es/portales/munimadrid/es/Inicio/Cultura-ocio-y-deporte/Taller-de-juegos-infantil-Biblioteca-Gabriel-G-Marquez/?vgnextfmt=default&vgnextoid=3a1f32fa46a61910VgnVCM1000001d4a900aRCRD&vgnextchannel=7911f073808fe410VgnVCM2000000c205a0aRCRD
Club de lectura (infantil) Biblioteca María Lejárraga,"CLUBES DE LECTURA, 
            
            CURSOS Y TALLERES",Biblioteca Pública Municipal María Lejárraga (Hortaleza),HORTALEZA,jueves 24 de octubre de 2024,jueves 19 de junio de 2025,https://www.madrid.es/portales/munimadrid/es/Inicio/Cultura-ocio-y-deporte/Club-de-lectura-infantil-Biblioteca-Maria-Lejarraga/?vgnextfmt=default&vgnextoid=03cbf9ea99e61910VgnVCM2000001f4a900aRCRD&vgnextchannel=7911f073808fe410VgnVCM2000000c205a0aRCRD
Coder Dojo · Grupo de trabajo 2024-2025,CURSOS Y TALLERES,Matadero Medialab,ARGANZUELA,sábado 16 de noviembre de 2024,sábado 26 de julio de 2025,https://www.madrid.es/portales/munimadrid/es/Inicio/Cultura-ocio-y-deporte/Coder-Dojo-Grupo-de-trabajo-2024-2025/?vgnextfmt=default&vgnextoid=8c98b60f928d2910VgnVCM1000001d4a900aRCRD&vgnextchannel=7911f073808fe410VgnVCM2000000c205a0aRCRD
Taller de cómic (Infantil) Biblioteca José Hierro,CURSOS Y TALLERES,Biblioteca Pública Municipal José Hierro (San Blas-Canillejas),SAN BLAS-CANILLEJAS,lunes 25 de noviembre de 2024,lunes 19 de mayo de 2025,https://www.madrid.es/portales/munimadrid/es/Inicio/Cultura-ocio-y-deporte/Taller-de-comic-Infantil-Biblioteca-Jose-Hierro/?vgnextfmt=default&vgnextoid=fcd9ecedfd123910VgnVCM2000001f4a900aRCRD&vgnextchannel=7911f073808fe410VgnVCM2000000c205a0aRCRD
Clases de árabe para niños,"CURSOS Y TALLERES, 
            
            IDIOMAS",Biblioteca Pública Municipal San Fermín (Usera),USERA,viernes 13 de diciembre de 2024,viernes 30 de mayo de 2025,https://www.madrid.es/portales/munimadrid/es/Inicio/Cultura-ocio-y-deporte/Clases-de-arabe-para-ninos/?vgnextfmt=default&vgnextoid=60ceedb3e8133910VgnVCM1000001d4a900aRCRD&vgnextchannel=7911f073808fe410VgnVCM2000000c205a0aRCRD
Taller de cómic (Infantil) Biblioteca María Zambrano,CURSOS Y TALLERES,Biblioteca Pública Municipal María Zambrano (Tetuán),TETUAN,miércoles 8 de enero de 2025,miércoles 4 de junio de 2025,https://www.madrid.es/portales/munimadrid/es/Inicio/Cultura-ocio-y-deporte/Taller-de-comic-Infantil-Biblioteca-Maria-Zambrano/?vgnextfmt=default&vgnextoid=5c9ec45e58724910VgnVCM2000001f4a900aRCRD&vgnextchannel=7911f073808fe410VgnVCM2000000c205a0aRCRD
Taller de cómic (Infantil) Biblioteca Miguel Delibes,CURSOS Y TALLERES,Biblioteca Pública Municipal Miguel Delibes (Moratalaz),MORATALAZ,miércoles 15 de enero de 2025,miércoles 21 de mayo de 2025,https://www.madrid.es/portales/munimadrid/es/Inicio/Cultura-ocio-y-deporte/Taller-de-comic-Infantil-Biblioteca-Miguel-Delibes/?vgnextfmt=default&vgnextoid=ad3087ffb3f64910VgnVCM1000001d4a900aRCRD&vgnextchannel=7911f073808fe410VgnVCM2000000c205a0aRCRD
Taller de cómic (juvenil) Biblioteca Gerardo Diego,CURSOS Y TALLERES,Biblioteca Pública Municipal Gerardo Diego (Villa de Vallecas),VILLA DE VALLECAS,viernes 7 de febrero de 2025,viernes 30 de mayo de 2025,https://www.madrid.es/portales/munimadrid/es/Inicio/Cultura-ocio-y-deporte/Taller-de-comic-juvenil-Biblioteca-Gerardo-Diego/?vgnextfmt=default&vgnextoid=1c7b5d06cd165910VgnVCM1000001d4a900aRCRD&vgnextchannel=7911f073808fe410VgnVCM2000000c205a0aRCRD
Chatines: club de lectura infantil,CLUBES DE LECTURA,Biblioteca Pública Municipal Dámaso Alonso (Chamartín),CHAMARTIN,jueves 27 de febrero de 2025,jueves 19 de junio de 2025,https://www.madrid.es/portales/munimadrid/es/Inicio/Cultura-ocio-y-deporte/Chatines-club-de-lectura-infantil/?vgnextfmt=default&vgnextoid=146e23279fad4910VgnVCM1000001d4a900aRCRD&vgnextchannel=7911f073808fe410VgnVCM2000000c205a0aRCRD
Taller de ajedrez avanzado (infantil-juvenil) Biblioteca María Lejárraga,CURSOS Y TALLERES,Biblioteca Pública Municipal María Lejárraga (Hortaleza),HORTALEZA,miércoles 19 de marzo de 2025,miércoles 4 de junio de 2025,https://www.madrid.es/portales/munimadrid/es/Inicio/Cultura-ocio-y-deporte/Taller-de-ajedrez-avanzado-infantil-juvenil-Biblioteca-Maria-Lejarraga/?vgnextfmt=default&vgnextoid=991163008c7c5910VgnVCM1000001d4a900aRCRD&vgnextchannel=7911f073808fe410VgnVCM2000000c205a0aRCRD
Manualidades,CURSOS Y TALLERES,Biblioteca Pública Municipal Gabriel García Márquez (Usera),USERA,martes 25 de marzo de 2025,martes 24 de junio de 2025,https://www.madrid.es/portales/munimadrid/es/Inicio/Cultura-ocio-y-deporte/Manualidades/?vgnextfmt=default&vgnextoid=3da790ec79b45910VgnVCM2000001f4a900aRCRD&vgnextchannel=7911f073808fe410VgnVCM2000000c205a0aRCRD
Talleres de Price (De 7 a 9 años),CURSOS Y TALLERES,Teatro Circo Price,ARGANZUELA,sábado 29 de marzo de 2025,sábado 14 de junio de 2025,https://www.madrid.es/portales/munimadrid/es/Inicio/Cultura-ocio-y-deporte/Talleres-de-Price-De-7-a-9-anos-/?vgnextfmt=default&vgnextoid=f981045e3fd15910VgnVCM1000001d4a900aRCRD&vgnextchannel=7911f073808fe410VgnVCM2000000c205a0aRCRD
Talleres del Price (5 y 6 años),CURSOS Y TALLERES,Teatro Circo Price,ARGANZUELA,sábado 29 de marzo de 2025,sábado 14 de junio de 2025,https://www.madrid.es/portales/munimadrid/es/Inicio/Cultura-ocio-y-deporte/Talleres-del-Price-5-y-6-anos-/?vgnextfmt=default&vgnextoid=12a1045e3fd15910VgnVCM1000001d4a900aRCRD&vgnextchannel=7911f073808fe410VgnVCM2000000c205a0aRCRD
LUDOTECAS,CURSOS Y TALLERES,Centro Sociocultural Valverde (Fuencarral - El Pardo),FUENCARRAL-EL PARDO,sábado 5 de abril de 2025,sábado 26 de abril de 2025,https://www.madrid.es/portales/munimadrid/es/Inicio/Cultura-ocio-y-deporte/LUDOTECAS/?vgnextfmt=default&vgnextoid=4048227bcdbd5910VgnVCM2000001f4a900aRCRD&vgnextchannel=7911f073808fe410VgnVCM2000000c205a0aRCRD
TALLERES INFANTILES,"ITINERARIOS Y OTRAS ACTIVIDADES AMBIENTALES, 
            
            CURSOS Y TALLERES",Centro de Interpretación de la Naturaleza Montecarmelo (Fuencarral - El Pardo),FUENCARRAL-EL PARDO,sábado 5 de abril de 2025,domingo 27 de abril de 2025,https://www.madrid.es/portales/munimadrid/es/Inicio/Cultura-ocio-y-deporte/TALLERES-INFANTILES/?vgnextfmt=default&vgnextoid=4ae0b2de9aa7e810VgnVCM1000001d4a900aRCRD&vgnextchannel=7911f073808fe410VgnVCM2000000c205a0aRCRD
Taller infantil. Reciclo y utilizo,CURSOS Y TALLERES,Centro Cultural Carril del Conde (Hortaleza),HORTALEZA,sábado 5 de abril de 2025,sábado 26 de abril de 2025,https://www.madrid.es/portales/munimadrid/es/Inicio/Cultura-ocio-y-deporte/Taller-infantil-Reciclo-y-utilizo/?vgnextfmt=default&vgnextoid=ea08c4af1b0f5910VgnVCM2000001f4a900aRCRD&vgnextchannel=7911f073808fe410VgnVCM2000000c205a0aRCRD
LUDOTECAS,CURSOS Y TALLERES,Centro Sociocultural Alfonso XII (Fuencarral - El Pardo),FUENCARRAL-EL PARDO,sábado 5 de abril de 2025,sábado 26 de abril de 2025,https://www.madrid.es/portales/munimadrid/es/Inicio/Cultura-ocio-y-deporte/LUDOTECAS/?vgnextfmt=default&vgnextoid=6ed8bf0a69363910VgnVCM2000001f4a900aRCRD&vgnextchannel=7911f073808fe410VgnVCM2000000c205a0aRCRD
Deportes populares y tradicionales para familias,"TEATRO PERFOMANCE, 
            
            EXPOSICIONES",Centro Cultural Galileo (Chamberí),CHAMBERI,sábado 5 de abril de 2025,sábado 26 de abril de 2025,https://www.madrid.es/portales/munimadrid/es/Inicio/Cultura-ocio-y-deporte/Deportes-populares-y-tradicionales-para-familias/?vgnextfmt=default&vgnextoid=97b8e7bd62dc5910VgnVCM2000001f4a900aRCRD&vgnextchannel=7911f073808fe410VgnVCM2000000c205a0aRCRD
TALLERES FAMILIARES,"ITINERARIOS Y OTRAS ACTIVIDADES AMBIENTALES, 
            
            CURSOS Y TALLERES",Centro de Interpretación de la Naturaleza Montecarmelo (Fuencarral - El Pardo),FUENCARRAL-EL PARDO,domingo 6 de abril de 2025,sábado 26 de abril de 2025,https://www.madrid.es/portales/munimadrid/es/Inicio/Cultura-ocio-y-deporte/TALLERES-FAMILIARES/?vgnextfmt=default&vgnextoid=ac22b2de9aa7e810VgnVCM1000001d4a900aRCRD&vgnextchannel=7911f073808fe410VgnVCM2000000c205a0aRCRD
Campamento urbano Semana Santa 2025. Distrito de Moratalaz,CAMPAMENTOS,Colegio Público Regimiento Inmemorial del Rey,MORATALAZ,viernes 11 de abril de 2025,lunes 21 de abril de 2025,https://www.madrid.es/portales/munimadrid/es/Inicio/Cultura-ocio-y-deporte/Campamento-urbano-Semana-Santa-2025-Distrito-de-Moratalaz/?vgnextfmt=default&vgnextoid=40d76b2e8b815910VgnVCM2000001f4a900aRCRD&vgnextchannel=7911f073808fe410VgnVCM2000000c205a0aRCRD
Campamentos urbanos de Semana Santa 2025. Distrito San Blas - Canillejas,CAMPAMENTOS,Colegio Público Carmen Cabezuelo,SAN BLAS-CANILLEJAS,viernes 11 de abril de 2025,lunes 21 de abril de 2025,https://www.madrid.es/portales/munimadrid/es/Inicio/Cultura-ocio-y-deporte/Campamentos-urbanos-de-Semana-Santa-2025-Distrito-San-Blas-Canillejas/?vgnextfmt=default&vgnextoid=7859110d84384910VgnVCM2000001f4a900aRCRD&vgnextchannel=7911f073808fe410VgnVCM2000000c205a0aRCRD
Campamento urbano de Semana Santa. Distrito Retiro,CAMPAMENTOS,Colegio Público Ciudad de Roma,RETIRO,viernes 11 de abril de 2025,lunes 21 de abril de 2025,https://www.madrid.es/portales/munimadrid/es/Inicio/Cultura-ocio-y-deporte/Campamento-urbano-de-Semana-Santa-Distrito-Retiro/?vgnextfmt=default&vgnextoid=63144a9ad0e15910VgnVCM2000001f4a900aRCRD&vgnextchannel=7911f073808fe410VgnVCM2000000c205a0aRCRD
Campamento días no lectivos Semana Santa en Salamanca,CAMPAMENTOS,Colegio Público Amador de los Ríos,SALAMANCA,viernes 11 de abril de 2025,lunes 21 de abril de 2025,https://www.madrid.es/portales/munimadrid/es/Inicio/Cultura-ocio-y-deporte/Campamento-dias-no-lectivos-Semana-Santa-en-Salamanca/?vgnextfmt=default&vgnextoid=95eb1b9492165910VgnVCM1000001d4a900aRCRD&vgnextchannel=7911f073808fe410VgnVCM2000000c205a0aRCRD
Campamento Urbano de Semana Santa 2025. Distrito de Villaverde,CAMPAMENTOS,Colegio Público Cristóbal Colón,VILLAVERDE,viernes 11 de abril de 2025,lunes 21 de abril de 2025,https://www.madrid.es/portales/munimadrid/es/Inicio/Cultura-ocio-y-deporte/Campamento-Urbano-de-Semana-Santa-2025-Distrito-de-Villaverde/?vgnextfmt=default&vgnextoid=f6dbab5fc0345910VgnVCM1000001d4a900aRCRD&vgnextchannel=7911f073808fe410VgnVCM2000000c205a0aRCRD
Ludoteca de Semana Santa en Hortaleza,"FIESTAS DE SEMANA SANTA, 
            
            CAMPAMENTOS",Centro Cultural Hortaleza,HORTALEZA,viernes 11 de abril de 2025,lunes 21 de abril de 2025,https://www.madrid.es/portales/munimadrid/es/Inicio/Cultura-ocio-y-deporte/Ludoteca-de-Semana-Santa-en-Hortaleza/?vgnextfmt=default&vgnextoid=5a5feae823b55910VgnVCM2000001f4a900aRCRD&vgnextchannel=7911f073808fe410VgnVCM2000000c205a0aRCRD
Campamento urbano de primavera en Usera,CAMPAMENTOS,Sin lugar,Sin distrito,viernes 11 de abril de 2025,lunes 21 de abril de 2025,https://www.madrid.es/portales/munimadrid/es/Inicio/Cultura-ocio-y-deporte/Campamento-urbano-de-primavera-en-Usera/?vgnextfmt=default&vgnextoid=9441898ec60f4910VgnVCM2000001f4a900aRCRD&vgnextchannel=7911f073808fe410VgnVCM2000000c205a0aRCRD
Kukuryku - Cía. Ola Muchin (Cataluña),"CUENTACUENTOS, TÍTERES Y MARIONETAS, 
            
            MADRID DESTINO",Teatro Municipal de Títeres,RETIRO,sábado 19 de abril de 2025,domingo 20 de abril de 2025,https://www.madrid.es/portales/munimadrid/es/Inicio/Cultura-ocio-y-deporte/Kukuryku-Cia-Ola-Muchin-Cataluna-/?vgnextfmt=default&vgnextoid=d3dd9cb2f80d4910VgnVCM1000001d4a900aRCRD&vgnextchannel=7911f073808fe410VgnVCM2000000c205a0aRCRD
Una noche de espías,TEATRO PERFOMANCE,Centro Cultural Casa de Vacas (Retiro),RETIRO,sábado 19 de abril de 2025,sábado 19 de abril de 2025,https://www.madrid.es/portales/munimadrid/es/Inicio/Cultura-ocio-y-deporte/Una-noche-de-espias/?vgnextfmt=default&vgnextoid=b09a6c73218b5910VgnVCM2000001f4a900aRCRD&vgnextchannel=7911f073808fe410VgnVCM2000000c205a0aRCRD
"PAYASAS: ""Risa y carcajada: un musical de alegría""",Sin tipo,Centro Cultural el Torito (Moratalaz),MORATALAZ,sábado 19 de abril de 2025,sábado 19 de abril de 2025,https://www.madrid.es/portales/munimadrid/es/Inicio/Cultura-ocio-y-deporte/PAYASAS-Risa-y-carcajada-un-musical-de-alegria-/?vgnextfmt=default&vgnextoid=1ee5db7ff8cc5910VgnVCM1000001d4a900aRCRD&vgnextchannel=7911f073808fe410VgnVCM2000000c205a0aRCRD
Taller 'Todos los animales están conectados e impresión de huellas en arcilla,"ITINERARIOS Y OTRAS ACTIVIDADES AMBIENTALES, 
            
            CURSOS Y TALLERES, 
            
            EXCURSIONES ITINERARIOS VISITAS",Aula ambiental La Cabaña del Retiro,RETIRO,sábado 19 de abril de 2025,sábado 19 de abril de 2025,https://www.madrid.es/portales/munimadrid/es/Inicio/Cultura-ocio-y-deporte/Taller-Todos-los-animales-estan-conectados-e-impresion-de-huellas-en-arcilla/?vgnextfmt=default&vgnextoid=f1e88b56808d5910VgnVCM2000001f4a900aRCRD&vgnextchannel=7911f073808fe410VgnVCM2000000c205a0aRCRD
¡Jugamos con las cariocas! Crea tus propios juguetes,CURSOS Y TALLERES,Centro de Educación Ambiental y Cultural Maris Stella (Usera),USERA,sábado 19 de abril de 2025,sábado 19 de abril de 2025,https://www.madrid.es/portales/munimadrid/es/Inicio/Cultura-ocio-y-deporte/Jugamos-con-las-cariocas-Crea-tus-propios-juguetes/?vgnextfmt=default&vgnextoid=8f0deee2b72b5910VgnVCM1000001d4a900aRCRD&vgnextchannel=7911f073808fe410VgnVCM2000000c205a0aRCRD
"Pasaporte al espacio, observación solar + taller de cohetes",CURSOS Y TALLERES,Auditorio Municipal al aire libre Lola Camarena,VILLA DE VALLECAS,sábado 19 de abril de 2025,sábado 19 de abril de 2025,https://www.madrid.es/portales/munimadrid/es/Inicio/Cultura-ocio-y-deporte/Pasaporte-al-espacio-observacion-solar-taller-de-cohetes/?vgnextfmt=default&vgnextoid=741bc72ef37c5910VgnVCM2000001f4a900aRCRD&vgnextchannel=7911f073808fe410VgnVCM2000000c205a0aRCRD
El universo literario de Tim Burton. Dumbo,CINE ACTIVIDADES AUDIOVISUALES,Cineteca Madrid,ARGANZUELA,domingo 20 de abril de 2025,domingo 20 de abril de 2025,https://www.madrid.es/portales/munimadrid/es/Inicio/Cultura-ocio-y-deporte/El-universo-literario-de-Tim-Burton-Dumbo/?vgnextfmt=default&vgnextoid=f155c241037d5910VgnVCM2000001f4a900aRCRD&vgnextchannel=7911f073808fe410VgnVCM2000000c205a0aRCRD
HOP!,CIRCO MAGIA,Teatro Circo Price,ARGANZUELA,domingo 20 de abril de 2025,domingo 15 de junio de 2025,https://www.madrid.es/portales/munimadrid/es/Inicio/Cultura-ocio-y-deporte/HOP-/?vgnextfmt=default&vgnextoid=95698cdcd77d5910VgnVCM1000001d4a900aRCRD&vgnextchannel=7911f073808fe410VgnVCM2000000c205a0aRCRD
Taller 'pequeños hortelanos',"ITINERARIOS Y OTRAS ACTIVIDADES AMBIENTALES, 
            
            CURSOS Y TALLERES",Aula ambiental La Cabaña del Retiro,RETIRO,domingo 20 de abril de 2025,domingo 20 de abril de 2025,https://www.madrid.es/portales/munimadrid/es/Inicio/Cultura-ocio-y-deporte/Taller-pequenos-hortelanos-/?vgnextfmt=default&vgnextoid=62934d02257d5910VgnVCM1000001d4a900aRCRD&vgnextchannel=7911f073808fe410VgnVCM2000000c205a0aRCRD
Martín y la música,MÚSICA,Centro Cultural Hortaleza,HORTALEZA,domingo 20 de abril de 2025,domingo 20 de abril de 2025,https://www.madrid.es/portales/munimadrid/es/Inicio/Cultura-ocio-y-deporte/Martin-y-la-musica/?vgnextfmt=default&vgnextoid=d37a19e695416910VgnVCM1000001d4a900aRCRD&vgnextchannel=7911f073808fe410VgnVCM2000000c205a0aRCRD
Los más pequeños también plantamos,Sin tipo,Centro de Información y Educación Ambiental de El Huerto de El Retiro,RETIRO,domingo 20 de abril de 2025,domingo 20 de abril de 2025,https://www.madrid.es/portales/munimadrid/es/Inicio/Cultura-ocio-y-deporte/Los-mas-pequenos-tambien-plantamos/?vgnextfmt=default&vgnextoid=ca6e0b57897d5910VgnVCM1000001d4a900aRCRD&vgnextchannel=7911f073808fe410VgnVCM2000000c205a0aRCRD
Dream,CIRCO MAGIA,Centro Cultural Carril del Conde (Hortaleza),HORTALEZA,domingo 20 de abril de 2025,domingo 20 de abril de 2025,https://www.madrid.es/portales/munimadrid/es/Inicio/Cultura-ocio-y-deporte/Dream/?vgnextfmt=default&vgnextoid=32c75b230f5f5910VgnVCM2000001f4a900aRCRD&vgnextchannel=7911f073808fe410VgnVCM2000000c205a0aRCRD
"Fiesta de pijamas para peluches, muñecas y muñecos. ¡Fin de semana en la Biblioteca!",CURSOS Y TALLERES,Biblioteca Pública Municipal Francisco Ayala (Vicálvaro),VICALVARO,lunes 21 de abril de 2025,viernes 25 de abril de 2025,https://www.madrid.es/portales/munimadrid/es/Inicio/Cultura-ocio-y-deporte/Fiesta-de-pijamas-para-peluches-munecas-y-munecos-Fin-de-semana-en-la-Biblioteca-/?vgnextfmt=default&vgnextoid=cac159ad2a006910VgnVCM2000001f4a900aRCRD&vgnextchannel=7911f073808fe410VgnVCM2000000c205a0aRCRD
'El secreto de los cuentos',"CUENTACUENTOS, TÍTERES Y MARIONETAS",Biblioteca Pública Municipal Miguel Delibes (Moratalaz),MORATALAZ,lunes 21 de abril de 2025,lunes 21 de abril de 2025,https://www.madrid.es/portales/munimadrid/es/Inicio/Cultura-ocio-y-deporte/-El-secreto-de-los-cuentos-/?vgnextfmt=default&vgnextoid=a5cbd860fc0f5910VgnVCM2000001f4a900aRCRD&vgnextchannel=7911f073808fe410VgnVCM2000000c205a0aRCRD
"TEATRO MUSICAL: ""Don Quijote, aventuras de un caballero""",Sin tipo,Centro Cultural el Torito (Moratalaz),MORATALAZ,lunes 21 de abril de 2025,lunes 21 de abril de 2025,https://www.madrid.es/portales/munimadrid/es/Inicio/Cultura-ocio-y-deporte/TEATRO-MUSICAL-Don-Quijote-aventuras-de-un-caballero-/?vgnextfmt=default&vgnextoid=3536db7ff8cc5910VgnVCM1000001d4a900aRCRD&vgnextchannel=7911f073808fe410VgnVCM2000000c205a0aRCRD
Entrega de premios,CONCURSOS Y CERTÁMENES,Biblioteca Pública Municipal San Blas (San Blas-Canillejas),SAN BLAS-CANILLEJAS,martes 22 de abril de 2025,martes 22 de abril de 2025,https://www.madrid.es/portales/munimadrid/es/Inicio/Cultura-ocio-y-deporte/Entrega-de-premios/?vgnextfmt=default&vgnextoid=07bb57fd86c55910VgnVCM2000001f4a900aRCRD&vgnextchannel=7911f073808fe410VgnVCM2000000c205a0aRCRD
Taller Día del Libro (Cuentos y manualidad),CURSOS Y TALLERES,Biblioteca Pública Municipal Canillejas (San Blas-Canillejas),SAN BLAS-CANILLEJAS,martes 22 de abril de 2025,martes 22 de abril de 2025,https://www.madrid.es/portales/munimadrid/es/Inicio/Cultura-ocio-y-deporte/Taller-Dia-del-Libro-Cuentos-y-manualidad-/?vgnextfmt=default&vgnextoid=e8a4d5eb73516910VgnVCM2000001f4a900aRCRD&vgnextchannel=7911f073808fe410VgnVCM2000000c205a0aRCRD
Presentación y Recital de Poesía. Mapa de corazonadas,"RECITALES, PRESENTACIONES Y ACTOS LITERARIOS",Centro Cultural Puerta de Toledo (Centro),CENTRO,martes 22 de abril de 2025,martes 22 de abril de 2025,https://www.madrid.es/portales/munimadrid/es/Inicio/Cultura-ocio-y-deporte/Presentacion-y-Recital-de-Poesia-Mapa-de-corazonadas/?vgnextfmt=default&vgnextoid=c8729125a23a5910VgnVCM1000001d4a900aRCRD&vgnextchannel=7911f073808fe410VgnVCM2000000c205a0aRCRD
"La Hora del Cuento : ""El lobo que se cayó de un libro"" y ""El Oso que amaba los libros""","CUENTACUENTOS, TÍTERES Y MARIONETAS",Biblioteca Pública Municipal Manuel Vázquez Montalbán (Tetuán),TETUAN,martes 22 de abril de 2025,martes 22 de abril de 2025,https://www.madrid.es/portales/munimadrid/es/Inicio/Cultura-ocio-y-deporte/La-Hora-del-Cuento-El-lobo-que-se-cayo-de-un-libro-y-El-Oso-que-amaba-los-libros-/?vgnextfmt=default&vgnextoid=9c80a1b80d426910VgnVCM1000001d4a900aRCRD&vgnextchannel=7911f073808fe410VgnVCM2000000c205a0aRCRD
'El secreto de los cuentos',"CUENTACUENTOS, TÍTERES Y MARIONETAS",Biblioteca Pública Municipal Francisco Ibáñez (Chamartín),CHAMARTIN,martes 22 de abril de 2025,martes 22 de abril de 2025,https://www.madrid.es/portales/munimadrid/es/Inicio/Cultura-ocio-y-deporte/-El-secreto-de-los-cuentos-/?vgnextfmt=default&vgnextoid=db686ab5d26f5910VgnVCM2000001f4a900aRCRD&vgnextchannel=7911f073808fe410VgnVCM2000000c205a0aRCRD
'La máscara del león',"CUENTACUENTOS, TÍTERES Y MARIONETAS",Biblioteca Pública Municipal Ana María Matute (Carabanchel),CARABANCHEL,martes 22 de abril de 2025,martes 22 de abril de 2025,https://www.madrid.es/portales/munimadrid/es/Inicio/Cultura-ocio-y-deporte/-La-mascara-del-leon-/?vgnextfmt=default&vgnextoid=fcefdbca8c516910VgnVCM1000001d4a900aRCRD&vgnextchannel=7911f073808fe410VgnVCM2000000c205a0aRCRD
Chucuchú: un tren de cuentos. Actividad especial por el Día del Libro,CURSOS Y TALLERES,Biblioteca Pública Municipal José Hierro (San Blas-Canillejas),SAN BLAS-CANILLEJAS,miércoles 23 de abril de 2025,miércoles 23 de abril de 2025,https://www.madrid.es/portales/munimadrid/es/Inicio/Cultura-ocio-y-deporte/Chucuchu-un-tren-de-cuentos-Actividad-especial-por-el-Dia-del-Libro/?vgnextfmt=default&vgnextoid=e1a25a96bc8b5910VgnVCM2000001f4a900aRCRD&vgnextchannel=7911f073808fe410VgnVCM2000000c205a0aRCRD
Actividad familiar: JUEGOS DE ROL,CURSOS Y TALLERES,Biblioteca Pública Municipal Gerardo Diego (Villa de Vallecas),VILLA DE VALLECAS,miércoles 23 de abril de 2025,miércoles 23 de abril de 2025,https://www.madrid.es/portales/munimadrid/es/Inicio/Cultura-ocio-y-deporte/Actividad-familiar-JUEGOS-DE-ROL/?vgnextfmt=default&vgnextoid=f8913e06256f5910VgnVCM1000001d4a900aRCRD&vgnextchannel=7911f073808fe410VgnVCM2000000c205a0aRCRD
Presentación del libro La bamda y el cuadro siberiano,"RECITALES, PRESENTACIONES Y ACTOS LITERARIOS",Centro Cultural Huerta de la Salud (Hortaleza),HORTALEZA,miércoles 23 de abril de 2025,miércoles 23 de abril de 2025,https://www.madrid.es/portales/munimadrid/es/Inicio/Cultura-ocio-y-deporte/Presentacion-del-libro-La-bamda-y-el-cuadro-siberiano/?vgnextfmt=default&vgnextoid=ef9c901b5b516910VgnVCM2000001f4a900aRCRD&vgnextchannel=7911f073808fe410VgnVCM2000000c205a0aRCRD
'¿Tu mono quiere un plátano?',"CUENTACUENTOS, TÍTERES Y MARIONETAS",Biblioteca Pública Municipal Eugenio Trías,RETIRO,miércoles 23 de abril de 2025,miércoles 23 de abril de 2025,https://www.madrid.es/portales/munimadrid/es/Inicio/Cultura-ocio-y-deporte/-Tu-mono-quiere-un-platano-/?vgnextfmt=default&vgnextoid=d795dbca8c516910VgnVCM1000001d4a900aRCRD&vgnextchannel=7911f073808fe410VgnVCM2000000c205a0aRCRD
Taller especial 'Día del Libro',CURSOS Y TALLERES,Biblioteca Pública Municipal Manuel Vázquez Montalbán (Tetuán),TETUAN,miércoles 23 de abril de 2025,miércoles 23 de abril de 2025,https://www.madrid.es/portales/munimadrid/es/Inicio/Cultura-ocio-y-deporte/Taller-especial-Dia-del-Libro-/?vgnextfmt=default&vgnextoid=ec37cf89a0436910VgnVCM1000001d4a900aRCRD&vgnextchannel=7911f073808fe410VgnVCM2000000c205a0aRCRD
Lectura pública del Quijote para niños y mayores,"RECITALES, PRESENTACIONES Y ACTOS LITERARIOS",Sin lugar,Sin distrito,miércoles 23 de abril de 2025,miércoles 23 de abril de 2025,https://www.madrid.es/portales/munimadrid/es/Inicio/Cultura-ocio-y-deporte/Lectura-publica-del-Quijote-para-ninos-y-mayores/?vgnextfmt=default&vgnextoid=a3c4aa4735436910VgnVCM1000001d4a900aRCRD&vgnextchannel=7911f073808fe410VgnVCM2000000c205a0aRCRD
Obra literaria infantil: La tierra de Jauja,"CINE ACTIVIDADES AUDIOVISUALES, 
            
            CURSOS Y TALLERES, 
            
            CONFERENCIAS Y COLOQUIOS",Sin lugar,Sin distrito,miércoles 23 de abril de 2025,miércoles 23 de abril de 2025,https://www.madrid.es/portales/munimadrid/es/Inicio/Cultura-ocio-y-deporte/Obra-literaria-infantil-La-tierra-de-Jauja/?vgnextfmt=default&vgnextoid=00d4aa4735436910VgnVCM1000001d4a900aRCRD&vgnextchannel=7911f073808fe410VgnVCM2000000c205a0aRCRD
Coro de la Unión de Actores y Actrices,"TEATRO PERFOMANCE, 
            
            EXPOSICIONES",Centro Cultural Galileo (Chamberí),CHAMBERI,miércoles 23 de abril de 2025,miércoles 23 de abril de 2025,https://www.madrid.es/portales/munimadrid/es/Inicio/Cultura-ocio-y-deporte/Coro-de-la-Union-de-Actores-y-Actrices/?vgnextfmt=default&vgnextoid=66853e785acc5910VgnVCM2000001f4a900aRCRD&vgnextchannel=7911f073808fe410VgnVCM2000000c205a0aRCRD
'El secreto mejor guardado del mundo',"CUENTACUENTOS, TÍTERES Y MARIONETAS",Biblioteca Pública Municipal Francisco Ayala (Vicálvaro),VICALVARO,miércoles 23 de abril de 2025,miércoles 23 de abril de 2025,https://www.madrid.es/portales/munimadrid/es/Inicio/Cultura-ocio-y-deporte/-El-secreto-mejor-guardado-del-mundo-/?vgnextfmt=default&vgnextoid=809418a6826f5910VgnVCM1000001d4a900aRCRD&vgnextchannel=7911f073808fe410VgnVCM2000000c205a0aRCRD
'El secreto de los cuentos',"CUENTACUENTOS, TÍTERES Y MARIONETAS",Biblioteca Pública Municipal José Saramago (Fuencarral-El Pardo),FUENCARRAL-EL PARDO,miércoles 23 de abril de 2025,miércoles 23 de abril de 2025,https://www.madrid.es/portales/munimadrid/es/Inicio/Cultura-ocio-y-deporte/-El-secreto-de-los-cuentos-/?vgnextfmt=default&vgnextoid=bddb8cc2f36f5910VgnVCM1000001d4a900aRCRD&vgnextchannel=7911f073808fe410VgnVCM2000000c205a0aRCRD
'Historias con cosquillas',"CUENTACUENTOS, TÍTERES Y MARIONETAS",Biblioteca Pública Municipal Benito Pérez Galdós (Centro),CENTRO,miércoles 23 de abril de 2025,miércoles 23 de abril de 2025,https://www.madrid.es/portales/munimadrid/es/Inicio/Cultura-ocio-y-deporte/-Historias-con-cosquillas-/?vgnextfmt=default&vgnextoid=8c5d8cc2f36f5910VgnVCM1000001d4a900aRCRD&vgnextchannel=7911f073808fe410VgnVCM2000000c205a0aRCRD
'El espíritu Aloha' de Beatriz M. Cassy,"CUENTACUENTOS, TÍTERES Y MARIONETAS",Biblioteca Pública Municipal Francisco Ibáñez (Chamartín),CHAMARTIN,miércoles 23 de abril de 2025,miércoles 23 de abril de 2025,https://www.madrid.es/portales/munimadrid/es/Inicio/Cultura-ocio-y-deporte/-El-espiritu-Aloha-de-Beatriz-M-Cassy/?vgnextfmt=default&vgnextoid=3a1c5f33314d2910VgnVCM2000001f4a900aRCRD&vgnextchannel=7911f073808fe410VgnVCM2000000c205a0aRCRD
"'Cuantos lejanos, historias cercanas'","CUENTACUENTOS, TÍTERES Y MARIONETAS",Biblioteca Pública Municipal Gloria Fuertes (Barajas),BARAJAS,miércoles 23 de abril de 2025,miércoles 23 de abril de 2025,https://www.madrid.es/portales/munimadrid/es/Inicio/Cultura-ocio-y-deporte/-Cuantos-lejanos-historias-cercanas-/?vgnextfmt=default&vgnextoid=cd9326d754016910VgnVCM2000001f4a900aRCRD&vgnextchannel=7911f073808fe410VgnVCM2000000c205a0aRCRD
'La leyenda de San Jorge',"CUENTACUENTOS, TÍTERES Y MARIONETAS",Biblioteca Pública Municipal Aluche (Latina),LATINA,miércoles 23 de abril de 2025,miércoles 23 de abril de 2025,https://www.madrid.es/portales/munimadrid/es/Inicio/Cultura-ocio-y-deporte/-La-leyenda-de-San-Jorge-/?vgnextfmt=default&vgnextoid=62f7c5182eff5910VgnVCM2000001f4a900aRCRD&vgnextchannel=7911f073808fe410VgnVCM2000000c205a0aRCRD
'Peripecias de corazones valientes',"CUENTACUENTOS, TÍTERES Y MARIONETAS",Biblioteca Pública Municipal Portazgo (Puente de Vallecas),PUENTE DE VALLECAS,miércoles 23 de abril de 2025,miércoles 23 de abril de 2025,https://www.madrid.es/portales/munimadrid/es/Inicio/Cultura-ocio-y-deporte/-Peripecias-de-corazones-valientes-/?vgnextfmt=default&vgnextoid=9f598cc2f36f5910VgnVCM1000001d4a900aRCRD&vgnextchannel=7911f073808fe410VgnVCM2000000c205a0aRCRD
Leer Jugando,"CUENTACUENTOS, TÍTERES Y MARIONETAS",Sin lugar,Sin distrito,miércoles 23 de abril de 2025,miércoles 23 de abril de 2025,https://www.madrid.es/portales/munimadrid/es/Inicio/Cultura-ocio-y-deporte/Leer-Jugando/?vgnextfmt=default&vgnextoid=a30a523ba58b5910VgnVCM2000001f4a900aRCRD&vgnextchannel=7911f073808fe410VgnVCM2000000c205a0aRCRD
CirCómicus,CIRCO MAGIA,Centro Cultural Ciudad Pegaso (San Blas - Canillejas),SAN BLAS-CANILLEJAS,miércoles 23 de abril de 2025,miércoles 23 de abril de 2025,https://www.madrid.es/portales/munimadrid/es/Inicio/Cultura-ocio-y-deporte/CirComicus/?vgnextfmt=default&vgnextoid=8b74c2df0a3a5910VgnVCM1000001d4a900aRCRD&vgnextchannel=7911f073808fe410VgnVCM2000000c205a0aRCRD
Caracterización y actividades infantiles,"RECITALES, PRESENTACIONES Y ACTOS LITERARIOS, 
            
            CURSOS Y TALLERES",Sin lugar,Sin distrito,jueves 24 de abril de 2025,jueves 24 de abril de 2025,https://www.madrid.es/portales/munimadrid/es/Inicio/Cultura-ocio-y-deporte/Caracterizacion-y-actividades-infantiles/?vgnextfmt=default&vgnextoid=fa285b230f5f5910VgnVCM2000001f4a900aRCRD&vgnextchannel=7911f073808fe410VgnVCM2000000c205a0aRCRD
'La casa que duerme',"CUENTACUENTOS, TÍTERES Y MARIONETAS",Biblioteca Pública Municipal Manuel Vázquez Montalbán (Tetuán),TETUAN,jueves 24 de abril de 2025,jueves 24 de abril de 2025,https://www.madrid.es/portales/munimadrid/es/Inicio/Cultura-ocio-y-deporte/-La-casa-que-duerme-/?vgnextfmt=default&vgnextoid=fa228cc2f36f5910VgnVCM1000001d4a900aRCRD&vgnextchannel=7911f073808fe410VgnVCM2000000c205a0aRCRD
'A dormir',"CUENTACUENTOS, TÍTERES Y MARIONETAS",Biblioteca Pública Municipal Vicálvaro,VICALVARO,jueves 24 de abril de 2025,jueves 24 de abril de 2025,https://www.madrid.es/portales/munimadrid/es/Inicio/Cultura-ocio-y-deporte/-A-dormir-/?vgnextfmt=default&vgnextoid=2fa2523ba58b5910VgnVCM2000001f4a900aRCRD&vgnextchannel=7911f073808fe410VgnVCM2000000c205a0aRCRD
Mouse Journey,"CUENTACUENTOS, TÍTERES Y MARIONETAS",Biblioteca Pública Municipal Gerardo Diego (Villa de Vallecas),VILLA DE VALLECAS,jueves 24 de abril de 2025,jueves 24 de abril de 2025,https://www.madrid.es/portales/munimadrid/es/Inicio/Cultura-ocio-y-deporte/Mouse-Journey/?vgnextfmt=default&vgnextoid=a187fd0e593b5910VgnVCM2000001f4a900aRCRD&vgnextchannel=7911f073808fe410VgnVCM2000000c205a0aRCRD
'En el bosque',"CUENTACUENTOS, TÍTERES Y MARIONETAS",Biblioteca Pública Municipal Pablo Neruda (Ciudad Lineal),CIUDAD LINEAL,jueves 24 de abril de 2025,jueves 24 de abril de 2025,https://www.madrid.es/portales/munimadrid/es/Inicio/Cultura-ocio-y-deporte/-En-el-bosque-/?vgnextfmt=default&vgnextoid=25d38cc2f36f5910VgnVCM1000001d4a900aRCRD&vgnextchannel=7911f073808fe410VgnVCM2000000c205a0aRCRD
JORNADAS ESPECIALES,"ITINERARIOS Y OTRAS ACTIVIDADES AMBIENTALES, 
            
            CURSOS Y TALLERES, 
            
            EXCURSIONES ITINERARIOS VISITAS",Centro de Interpretación de la Naturaleza Montecarmelo (Fuencarral - El Pardo),FUENCARRAL-EL PARDO,viernes 25 de abril de 2025,domingo 27 de abril de 2025,https://www.madrid.es/portales/munimadrid/es/Inicio/Cultura-ocio-y-deporte/JORNADAS-ESPECIALES/?vgnextfmt=default&vgnextoid=67138b56808d5910VgnVCM2000001f4a900aRCRD&vgnextchannel=7911f073808fe410VgnVCM2000000c205a0aRCRD
En La Noche de los Libros: 'Los cazalibros',CURSOS Y TALLERES,Biblioteca Pública Municipal Aluche (Latina),LATINA,viernes 25 de abril de 2025,viernes 25 de abril de 2025,https://www.madrid.es/portales/munimadrid/es/Inicio/Cultura-ocio-y-deporte/En-La-Noche-de-los-Libros-Los-cazalibros-/?vgnextfmt=default&vgnextoid=9f5159ad2a006910VgnVCM2000001f4a900aRCRD&vgnextchannel=7911f073808fe410VgnVCM2000000c205a0aRCRD
Capuchones de cuento para lapiceros,"FIESTAS, 
            
            CURSOS Y TALLERES",Auditorio Municipal Las Trece Rosas,VILLA DE VALLECAS,viernes 25 de abril de 2025,viernes 25 de abril de 2025,https://www.madrid.es/portales/munimadrid/es/Inicio/Cultura-ocio-y-deporte/Capuchones-de-cuento-para-lapiceros/?vgnextfmt=default&vgnextoid=dd3491df59426910VgnVCM2000001f4a900aRCRD&vgnextchannel=7911f073808fe410VgnVCM2000000c205a0aRCRD
Cuentos en escena,"FIESTAS, 
            
            TEATRO PERFOMANCE, 
            
            CONCURSOS Y CERTÁMENES",Sin lugar,Sin distrito,viernes 25 de abril de 2025,viernes 25 de abril de 2025,https://www.madrid.es/portales/munimadrid/es/Inicio/Cultura-ocio-y-deporte/Cuentos-en-escena/?vgnextfmt=default&vgnextoid=677491df59426910VgnVCM2000001f4a900aRCRD&vgnextchannel=7911f073808fe410VgnVCM2000000c205a0aRCRD
Fiesta Holi y discoteca con DJ,Sin tipo,Sin lugar,Sin distrito,viernes 25 de abril de 2025,viernes 25 de abril de 2025,https://www.madrid.es/portales/munimadrid/es/Inicio/Cultura-ocio-y-deporte/Fiesta-Holi-y-discoteca-con-DJ/?vgnextfmt=default&vgnextoid=505591df59426910VgnVCM2000001f4a900aRCRD&vgnextchannel=7911f073808fe410VgnVCM2000000c205a0aRCRD
Diseño de pulseras y broches,"FIESTAS, 
            
            CURSOS Y TALLERES",Auditorio Municipal Las Trece Rosas,VILLA DE VALLECAS,viernes 25 de abril de 2025,viernes 25 de abril de 2025,https://www.madrid.es/portales/munimadrid/es/Inicio/Cultura-ocio-y-deporte/Diseno-de-pulseras-y-broches/?vgnextfmt=default&vgnextoid=489291df59426910VgnVCM2000001f4a900aRCRD&vgnextchannel=7911f073808fe410VgnVCM2000000c205a0aRCRD
Cuentacuentos bilingüe español-japonés: 'Omae umasou dana',"CUENTACUENTOS, TÍTERES Y MARIONETAS",Biblioteca Pública Municipal Iván de Vargas (Centro),CENTRO,viernes 25 de abril de 2025,viernes 25 de abril de 2025,https://www.madrid.es/portales/munimadrid/es/Inicio/Cultura-ocio-y-deporte/Cuentacuentos-bilingue-espanol-japones-Omae-umasou-dana-/?vgnextfmt=default&vgnextoid=a838b4e355536910VgnVCM1000001d4a900aRCRD&vgnextchannel=7911f073808fe410VgnVCM2000000c205a0aRCRD
Tarde de cómic en el Parque de Berlín,CURSOS Y TALLERES,Parque de Berlín,CHAMARTIN,viernes 25 de abril de 2025,viernes 25 de abril de 2025,https://www.madrid.es/portales/munimadrid/es/Inicio/Cultura-ocio-y-deporte/Tarde-de-comic-en-el-Parque-de-Berlin/?vgnextfmt=default&vgnextoid=be47828cf1936910VgnVCM1000001d4a900aRCRD&vgnextchannel=7911f073808fe410VgnVCM2000000c205a0aRCRD
¡Qué vivan los libros!,"CUENTACUENTOS, TÍTERES Y MARIONETAS",Centro Sociocultural Blasco Ibáñez (Carabanchel),CARABANCHEL,viernes 25 de abril de 2025,viernes 25 de abril de 2025,https://www.madrid.es/portales/munimadrid/es/Inicio/Cultura-ocio-y-deporte/Que-vivan-los-libros-/?vgnextfmt=default&vgnextoid=12dc7baa8f3a5910VgnVCM2000001f4a900aRCRD&vgnextchannel=7911f073808fe410VgnVCM2000000c205a0aRCRD
'Cuentasueños',"CUENTACUENTOS, TÍTERES Y MARIONETAS",Biblioteca Pública Municipal Francisco Ibáñez (Chamartín),CHAMARTIN,viernes 25 de abril de 2025,viernes 25 de abril de 2025,https://www.madrid.es/portales/munimadrid/es/Inicio/Cultura-ocio-y-deporte/-Cuentasuenos-/?vgnextfmt=default&vgnextoid=f720ccd8501f5910VgnVCM1000001d4a900aRCRD&vgnextchannel=7911f073808fe410VgnVCM2000000c205a0aRCRD
'Cuentos de todos los colores',"CUENTACUENTOS, TÍTERES Y MARIONETAS",Biblioteca Pública Municipal La Chata (Carabanchel),CARABANCHEL,viernes 25 de abril de 2025,viernes 25 de abril de 2025,https://www.madrid.es/portales/munimadrid/es/Inicio/Cultura-ocio-y-deporte/-Cuentos-de-todos-los-colores-/?vgnextfmt=default&vgnextoid=8b968cc2f36f5910VgnVCM1000001d4a900aRCRD&vgnextchannel=7911f073808fe410VgnVCM2000000c205a0aRCRD
Tan sólo una hormiga,TEATRO PERFOMANCE,Centro Cultural Zazuar (Villa de Vallecas),Sin distrito,viernes 25 de abril de 2025,viernes 25 de abril de 2025,https://www.madrid.es/portales/munimadrid/es/Inicio/Cultura-ocio-y-deporte/Tan-solo-una-hormiga/?vgnextfmt=default&vgnextoid=eab3dbd50a8b5910VgnVCM1000001d4a900aRCRD&vgnextchannel=7911f073808fe410VgnVCM2000000c205a0aRCRD
'Cuentos para leer con linterna',"CUENTACUENTOS, TÍTERES Y MARIONETAS",Biblioteca Pública Municipal Pablo Neruda (Ciudad Lineal),CIUDAD LINEAL,viernes 25 de abril de 2025,viernes 25 de abril de 2025,https://www.madrid.es/portales/munimadrid/es/Inicio/Cultura-ocio-y-deporte/-Cuentos-para-leer-con-linterna-/?vgnextfmt=default&vgnextoid=5708347546616910VgnVCM1000001d4a900aRCRD&vgnextchannel=7911f073808fe410VgnVCM2000000c205a0aRCRD
Títeres: “Romero y Julieta”.,Sin tipo,Centro Sociocultural Tetuán,TETUAN,viernes 25 de abril de 2025,viernes 25 de abril de 2025,https://www.madrid.es/portales/munimadrid/es/Inicio/Cultura-ocio-y-deporte/Titeres-Romero-y-Julieta-/?vgnextfmt=default&vgnextoid=3f3860ffbe2b5910VgnVCM2000001f4a900aRCRD&vgnextchannel=7911f073808fe410VgnVCM2000000c205a0aRCRD
El fantasma al que le asustaban los libros,"CUENTACUENTOS, TÍTERES Y MARIONETAS",Centro Cultural Federico Chueca (Hortaleza),HORTALEZA,viernes 25 de abril de 2025,viernes 25 de abril de 2025,https://www.madrid.es/portales/munimadrid/es/Inicio/Cultura-ocio-y-deporte/El-fantasma-al-que-le-asustaban-los-libros/?vgnextfmt=default&vgnextoid=faa2047fc5065910VgnVCM1000001d4a900aRCRD&vgnextchannel=7911f073808fe410VgnVCM2000000c205a0aRCRD
The Gipsy Marionettist - Rašid Nikolić (Italia),"CUENTACUENTOS, TÍTERES Y MARIONETAS, 
            
            MADRID DESTINO",Teatro Municipal de Títeres,RETIRO,sábado 26 de abril de 2025,domingo 27 de abril de 2025,https://www.madrid.es/portales/munimadrid/es/Inicio/Cultura-ocio-y-deporte/The-Gipsy-Marionettist-Rasid-Nikolic-Italia-/?vgnextfmt=default&vgnextoid=178dd6fdb90d4910VgnVCM2000001f4a900aRCRD&vgnextchannel=7911f073808fe410VgnVCM2000000c205a0aRCRD
"Yo, Quevedo con perdón",TEATRO PERFOMANCE,Centro Cultural Ciudad Pegaso (San Blas - Canillejas),SAN BLAS-CANILLEJAS,sábado 26 de abril de 2025,sábado 26 de abril de 2025,https://www.madrid.es/portales/munimadrid/es/Inicio/Cultura-ocio-y-deporte/Yo-Quevedo-con-perdon/?vgnextfmt=default&vgnextoid=88bfc2df0a3a5910VgnVCM1000001d4a900aRCRD&vgnextchannel=7911f073808fe410VgnVCM2000000c205a0aRCRD
La Habichuela Isabela,TEATRO PERFOMANCE,Centro Cultural José Luis López Vázquez (San Blas - Canillejas),SAN BLAS-CANILLEJAS,sábado 26 de abril de 2025,sábado 26 de abril de 2025,https://www.madrid.es/portales/munimadrid/es/Inicio/Cultura-ocio-y-deporte/La-Habichuela-Isabela/?vgnextfmt=default&vgnextoid=ba9689cfb18a5910VgnVCM1000001d4a900aRCRD&vgnextchannel=7911f073808fe410VgnVCM2000000c205a0aRCRD
El Gran Juego de Verdi,TEATRO PERFOMANCE,Centro Cultural Casa de Vacas (Retiro),RETIRO,sábado 26 de abril de 2025,sábado 26 de abril de 2025,https://www.madrid.es/portales/munimadrid/es/Inicio/Cultura-ocio-y-deporte/El-Gran-Juego-de-Verdi/?vgnextfmt=default&vgnextoid=c5d2fe74dd7b5910VgnVCM2000001f4a900aRCRD&vgnextchannel=7911f073808fe410VgnVCM2000000c205a0aRCRD
"CINE: ""Klaus""",Sin tipo,Centro Cultural el Torito (Moratalaz),MORATALAZ,sábado 26 de abril de 2025,sábado 26 de abril de 2025,https://www.madrid.es/portales/munimadrid/es/Inicio/Cultura-ocio-y-deporte/CINE-Klaus-/?vgnextfmt=default&vgnextoid=cea6db7ff8cc5910VgnVCM1000001d4a900aRCRD&vgnextchannel=7911f073808fe410VgnVCM2000000c205a0aRCRD
"Los animales, unos grandes maestros",Sin tipo,Centro Cultural Julio Cortázar (Moncloa - Aravaca),MONCLOA-ARAVACA,sábado 26 de abril de 2025,sábado 26 de abril de 2025,https://www.madrid.es/portales/munimadrid/es/Inicio/Cultura-ocio-y-deporte/Los-animales-unos-grandes-maestros/?vgnextfmt=default&vgnextoid=5fc0cd938a2d5910VgnVCM1000001d4a900aRCRD&vgnextchannel=7911f073808fe410VgnVCM2000000c205a0aRCRD
La verbena hechizada,TEATRO PERFOMANCE,Centro Sociocultural Maestro Alonso (Salamanca),SALAMANCA,sábado 26 de abril de 2025,sábado 26 de abril de 2025,https://www.madrid.es/portales/munimadrid/es/Inicio/Cultura-ocio-y-deporte/La-verbena-hechizada/?vgnextfmt=default&vgnextoid=ec624fb3807d5910VgnVCM1000001d4a900aRCRD&vgnextchannel=7911f073808fe410VgnVCM2000000c205a0aRCRD
"Cuentacuentos:""Surcando mares, buscando cuentos""","CUENTACUENTOS, TÍTERES Y MARIONETAS, 
            
            TEATRO PERFOMANCE",Centro Sociocultural Rafael de León (Fuencarral - El Pardo),FUENCARRAL-EL PARDO,sábado 26 de abril de 2025,sábado 26 de abril de 2025,https://www.madrid.es/portales/munimadrid/es/Inicio/Cultura-ocio-y-deporte/Cuentacuentos-Surcando-mares-buscando-cuentos-/?vgnextfmt=default&vgnextoid=4fe5692abe6a4910VgnVCM2000001f4a900aRCRD&vgnextchannel=7911f073808fe410VgnVCM2000000c205a0aRCRD
Ronda de libros,Sin tipo,Matadero Madrid,ARGANZUELA,sábado 26 de abril de 2025,sábado 7 de junio de 2025,https://www.madrid.es/portales/munimadrid/es/Inicio/Cultura-ocio-y-deporte/Ronda-de-libros/?vgnextfmt=default&vgnextoid=d2398cdcd77d5910VgnVCM1000001d4a900aRCRD&vgnextchannel=7911f073808fe410VgnVCM2000000c205a0aRCRD
"CONMEMORACIÓN DÍA DEL LIBRO. Teatro de títeres: ""Pinocho corazón de madera"" basada en la obra de Carlo Collodi","CUENTACUENTOS, TÍTERES Y MARIONETAS, 
            
            TEATRO PERFOMANCE",Centro Sociocultural Montecarmelo (Fuencarral - El Pardo),FUENCARRAL-EL PARDO,sábado 26 de abril de 2025,sábado 26 de abril de 2025,https://www.madrid.es/portales/munimadrid/es/Inicio/Cultura-ocio-y-deporte/CONMEMORACION-DIA-DEL-LIBRO-Teatro-de-titeres-Pinocho-corazon-de-madera-basada-en-la-obra-de-Carlo-Collodi/?vgnextfmt=default&vgnextoid=090f8b56808d5910VgnVCM2000001f4a900aRCRD&vgnextchannel=7911f073808fe410VgnVCM2000000c205a0aRCRD
Talleres para niños de 4 a 14 años,Sin tipo,Sin lugar,Sin distrito,sábado 26 de abril de 2025,sábado 28 de junio de 2025,https://www.madrid.es/portales/munimadrid/es/Inicio/Cultura-ocio-y-deporte/Talleres-para-ninos-de-4-a-14-anos/?vgnextfmt=default&vgnextoid=fe309f9cfb7b5910VgnVCM1000001d4a900aRCRD&vgnextchannel=7911f073808fe410VgnVCM2000000c205a0aRCRD
La estrella y la Luna,TEATRO PERFOMANCE,Centro Cultural Lavapiés (Centro),CENTRO,sábado 26 de abril de 2025,sábado 26 de abril de 2025,https://www.madrid.es/portales/munimadrid/es/Inicio/Cultura-ocio-y-deporte/La-estrella-y-la-Luna/?vgnextfmt=default&vgnextoid=f3fb5f5f0dbe5910VgnVCM2000001f4a900aRCRD&vgnextchannel=7911f073808fe410VgnVCM2000000c205a0aRCRD
"Pájaro y flor en abril, buscan su amor",CURSOS Y TALLERES,Centro Cultural Clara del Rey - Museo ABC (Centro),CENTRO,sábado 26 de abril de 2025,sábado 26 de abril de 2025,https://www.madrid.es/portales/munimadrid/es/Inicio/Cultura-ocio-y-deporte/Pajaro-y-flor-en-abril-buscan-su-amor/?vgnextfmt=default&vgnextoid=92ea21d4febe5910VgnVCM2000001f4a900aRCRD&vgnextchannel=7911f073808fe410VgnVCM2000000c205a0aRCRD
Día del libro en Centro,"CUENTACUENTOS, TÍTERES Y MARIONETAS, 
            
            RECITALES, PRESENTACIONES Y ACTOS LITERARIOS",Centro Cultural Clara del Rey - Museo ABC (Centro),CENTRO,sábado 26 de abril de 2025,sábado 26 de abril de 2025,https://www.madrid.es/portales/munimadrid/es/Inicio/Cultura-ocio-y-deporte/Dia-del-libro-en-Centro/?vgnextfmt=default&vgnextoid=edc08033b11f5910VgnVCM2000001f4a900aRCRD&vgnextchannel=7911f073808fe410VgnVCM2000000c205a0aRCRD
Una colmena de cuentos,"MÚSICA, 
            
            TEATRO PERFOMANCE",Centro Sociocultural Rosario de Acuña (Latina),LATINA,sábado 26 de abril de 2025,sábado 26 de abril de 2025,https://www.madrid.es/portales/munimadrid/es/Inicio/Cultura-ocio-y-deporte/Una-colmena-de-cuentos/?vgnextfmt=default&vgnextoid=0ffde296f5dc5910VgnVCM1000001d4a900aRCRD&vgnextchannel=7911f073808fe410VgnVCM2000000c205a0aRCRD
"Tatira Teatro, presenta “Los cuidadores de las letras”","RECITALES, PRESENTACIONES Y ACTOS LITERARIOS",Centro Cultural el Madroño (Vicálvaro),VICALVARO,sábado 26 de abril de 2025,sábado 26 de abril de 2025,https://www.madrid.es/portales/munimadrid/es/Inicio/Cultura-ocio-y-deporte/Tatira-Teatro-presenta-Los-cuidadores-de-las-letras/?vgnextfmt=default&vgnextoid=51445b230f5f5910VgnVCM2000001f4a900aRCRD&vgnextchannel=7911f073808fe410VgnVCM2000000c205a0aRCRD
Concierto de música coral,Sin tipo,Parroquia San Valentín y San Casimiro,VICALVARO,sábado 26 de abril de 2025,sábado 26 de abril de 2025,https://www.madrid.es/portales/munimadrid/es/Inicio/Cultura-ocio-y-deporte/Concierto-de-musica-coral/?vgnextfmt=default&vgnextoid=1455252e8aff5910VgnVCM2000001f4a900aRCRD&vgnextchannel=7911f073808fe410VgnVCM2000000c205a0aRCRD
Martín y la música,MÚSICA,Parque Alfredo Kraus,HORTALEZA,sábado 26 de abril de 2025,sábado 26 de abril de 2025,https://www.madrid.es/portales/munimadrid/es/Inicio/Cultura-ocio-y-deporte/Martin-y-la-musica/?vgnextfmt=default&vgnextoid=91037665fa006910VgnVCM1000001d4a900aRCRD&vgnextchannel=7911f073808fe410VgnVCM2000000c205a0aRCRD
Tito el bromista,"FIESTAS, 
            
            CUENTACUENTOS, TÍTERES Y MARIONETAS",Sin lugar,Sin distrito,sábado 26 de abril de 2025,sábado 26 de abril de 2025,https://www.madrid.es/portales/munimadrid/es/Inicio/Cultura-ocio-y-deporte/Tito-el-bromista/?vgnextfmt=default&vgnextoid=d44ba1b80d426910VgnVCM1000001d4a900aRCRD&vgnextchannel=7911f073808fe410VgnVCM2000000c205a0aRCRD
La princesa china y el dragón,"FIESTAS, 
            
            TEATRO PERFOMANCE",Sin lugar,Sin distrito,sábado 26 de abril de 2025,sábado 26 de abril de 2025,https://www.madrid.es/portales/munimadrid/es/Inicio/Cultura-ocio-y-deporte/La-princesa-china-y-el-dragon/?vgnextfmt=default&vgnextoid=528ca1b80d426910VgnVCM1000001d4a900aRCRD&vgnextchannel=7911f073808fe410VgnVCM2000000c205a0aRCRD
Sherlock Holmes y el robo de la Gioconda,Sin tipo,Sin lugar,Sin distrito,sábado 26 de abril de 2025,sábado 26 de abril de 2025,https://www.madrid.es/portales/munimadrid/es/Inicio/Cultura-ocio-y-deporte/Sherlock-Holmes-y-el-robo-de-la-Gioconda/?vgnextfmt=default&vgnextoid=1bdca1b80d426910VgnVCM1000001d4a900aRCRD&vgnextchannel=7911f073808fe410VgnVCM2000000c205a0aRCRD
El payaso musical,"FIESTAS, 
            
            MÚSICA",Sin lugar,Sin distrito,sábado 26 de abril de 2025,sábado 26 de abril de 2025,https://www.madrid.es/portales/munimadrid/es/Inicio/Cultura-ocio-y-deporte/El-payaso-musical/?vgnextfmt=default&vgnextoid=0feca1b80d426910VgnVCM1000001d4a900aRCRD&vgnextchannel=7911f073808fe410VgnVCM2000000c205a0aRCRD
El mundo mágico de los libros,"DANZA Y BAILE, 
            
            MÚSICA",Centro Cultural Miguel Hernández (Latina),LATINA,sábado 26 de abril de 2025,sábado 26 de abril de 2025,https://www.madrid.es/portales/munimadrid/es/Inicio/Cultura-ocio-y-deporte/El-mundo-magico-de-los-libros/?vgnextfmt=default&vgnextoid=0ddbe296f5dc5910VgnVCM1000001d4a900aRCRD&vgnextchannel=7911f073808fe410VgnVCM2000000c205a0aRCRD
El tesoro del dragón,"CUENTACUENTOS, TÍTERES Y MARIONETAS",Sin lugar,Sin distrito,sábado 26 de abril de 2025,sábado 26 de abril de 2025,https://www.madrid.es/portales/munimadrid/es/Inicio/Cultura-ocio-y-deporte/El-tesoro-del-dragon/?vgnextfmt=default&vgnextoid=859f60ffbe2b5910VgnVCM2000001f4a900aRCRD&vgnextchannel=7911f073808fe410VgnVCM2000000c205a0aRCRD
"Marcelo, el marciano","MÚSICA, 
            
            TEATRO PERFOMANCE",Centro Cultural José Luis Sampedro (Latina),LATINA,sábado 26 de abril de 2025,sábado 26 de abril de 2025,https://www.madrid.es/portales/munimadrid/es/Inicio/Cultura-ocio-y-deporte/Marcelo-el-marciano/?vgnextfmt=default&vgnextoid=92f9e296f5dc5910VgnVCM1000001d4a900aRCRD&vgnextchannel=7911f073808fe410VgnVCM2000000c205a0aRCRD
Taller Teatralizado de Cuentacuentos - Cuentos Maravillosos de Andersen,"TEATRO PERFOMANCE, 
            
            EXPOSICIONES",Centro Cultural Galileo (Chamberí),CHAMBERI,sábado 26 de abril de 2025,sábado 26 de abril de 2025,https://www.madrid.es/portales/munimadrid/es/Inicio/Cultura-ocio-y-deporte/Taller-Teatralizado-de-Cuentacuentos-Cuentos-Maravillosos-de-Andersen/?vgnextfmt=default&vgnextoid=38680ad4cdcc5910VgnVCM2000001f4a900aRCRD&vgnextchannel=7911f073808fe410VgnVCM2000000c205a0aRCRD
"Cuentacuentos con pictogramas: ""El enano saltarín""","CUENTACUENTOS, TÍTERES Y MARIONETAS, 
            
            ACTIVIDADES CALLE, ARTE URBANO, 
            
            TEATRO PERFOMANCE",Centro Cultural La Vaguada (Fuencarral - El Pardo),FUENCARRAL-EL PARDO,sábado 26 de abril de 2025,sábado 26 de abril de 2025,https://www.madrid.es/portales/munimadrid/es/Inicio/Cultura-ocio-y-deporte/Cuentacuentos-con-pictogramas-El-enano-saltarin-/?vgnextfmt=default&vgnextoid=f39a8b56808d5910VgnVCM2000001f4a900aRCRD&vgnextchannel=7911f073808fe410VgnVCM2000000c205a0aRCRD
Títeres al aire libre: Qui y Jote en la isla de los tesoros,"CUENTACUENTOS, TÍTERES Y MARIONETAS",Sin lugar,Sin distrito,sábado 26 de abril de 2025,sábado 26 de abril de 2025,https://www.madrid.es/portales/munimadrid/es/Inicio/Cultura-ocio-y-deporte/Titeres-al-aire-libre-Qui-y-Jote-en-la-isla-de-los-tesoros/?vgnextfmt=default&vgnextoid=21b24d66491f5910VgnVCM1000001d4a900aRCRD&vgnextchannel=7911f073808fe410VgnVCM2000000c205a0aRCRD
"Mario, el musical",MÚSICA,Centro Cultural Orcasur (Usera),USERA,sábado 26 de abril de 2025,sábado 26 de abril de 2025,https://www.madrid.es/portales/munimadrid/es/Inicio/Cultura-ocio-y-deporte/Mario-el-musical/?vgnextfmt=default&vgnextoid=b65a91db103b5910VgnVCM2000001f4a900aRCRD&vgnextchannel=7911f073808fe410VgnVCM2000000c205a0aRCRD
Subida a la Bola del mundo,"TEATRO PERFOMANCE, 
            
            EXPOSICIONES",Centro Cultural Galileo (Chamberí),CHAMBERI,sábado 26 de abril de 2025,sábado 26 de abril de 2025,https://www.madrid.es/portales/munimadrid/es/Inicio/Cultura-ocio-y-deporte/Subida-a-la-Bola-del-mundo/?vgnextfmt=default&vgnextoid=60b2e7bd62dc5910VgnVCM2000001f4a900aRCRD&vgnextchannel=7911f073808fe410VgnVCM2000000c205a0aRCRD
Cambiando Cuentos,"CUENTACUENTOS, TÍTERES Y MARIONETAS, 
            
            TEATRO PERFOMANCE",Centro Sociocultural Miguel de Cervantes (San Blas - Canillejas),SAN BLAS-CANILLEJAS,domingo 27 de abril de 2025,domingo 27 de abril de 2025,https://www.madrid.es/portales/munimadrid/es/Inicio/Cultura-ocio-y-deporte/Cambiando-Cuentos/?vgnextfmt=default&vgnextoid=e318c2df0a3a5910VgnVCM1000001d4a900aRCRD&vgnextchannel=7911f073808fe410VgnVCM2000000c205a0aRCRD
Kalevala: Un Viaje Mágico,"CUENTACUENTOS, TÍTERES Y MARIONETAS, 
            
            DANZA Y BAILE",Centro Cultural José Luis López Vázquez (San Blas - Canillejas),SAN BLAS-CANILLEJAS,domingo 27 de abril de 2025,domingo 27 de abril de 2025,https://www.madrid.es/portales/munimadrid/es/Inicio/Cultura-ocio-y-deporte/Kalevala-Un-Viaje-Magico/?vgnextfmt=default&vgnextoid=b89689cfb18a5910VgnVCM1000001d4a900aRCRD&vgnextchannel=7911f073808fe410VgnVCM2000000c205a0aRCRD
Taller Teatralizado de Cuentacuentos - Cuentos Caballerescos,"TEATRO PERFOMANCE, 
            
            EXPOSICIONES",Centro Cultural Galileo (Chamberí),CHAMBERI,domingo 27 de abril de 2025,domingo 27 de abril de 2025,https://www.madrid.es/portales/munimadrid/es/Inicio/Cultura-ocio-y-deporte/Taller-Teatralizado-de-Cuentacuentos-Cuentos-Caballerescos/?vgnextfmt=default&vgnextoid=836a0ad4cdcc5910VgnVCM2000001f4a900aRCRD&vgnextchannel=7911f073808fe410VgnVCM2000000c205a0aRCRD
Contando caperucita,TEATRO PERFOMANCE,Centro Cultural Quinta del Berro - Rafael Altamira (Salamanca),SALAMANCA,domingo 27 de abril de 2025,domingo 27 de abril de 2025,https://www.madrid.es/portales/munimadrid/es/Inicio/Cultura-ocio-y-deporte/Contando-caperucita/?vgnextfmt=default&vgnextoid=b7842b391b2d5910VgnVCM2000001f4a900aRCRD&vgnextchannel=7911f073808fe410VgnVCM2000000c205a0aRCRD
Fabulosas travesuras,Sin tipo,Auditorio Joaquín Rosado (Moncloa-Aravaca),MONCLOA-ARAVACA,domingo 27 de abril de 2025,domingo 27 de abril de 2025,https://www.madrid.es/portales/munimadrid/es/Inicio/Cultura-ocio-y-deporte/Fabulosas-travesuras/?vgnextfmt=default&vgnextoid=497ccd938a2d5910VgnVCM1000001d4a900aRCRD&vgnextchannel=7911f073808fe410VgnVCM2000000c205a0aRCRD
El universo literario de Tim Burton. Big Fish,CINE ACTIVIDADES AUDIOVISUALES,Cineteca Madrid,ARGANZUELA,domingo 27 de abril de 2025,domingo 27 de abril de 2025,https://www.madrid.es/portales/munimadrid/es/Inicio/Cultura-ocio-y-deporte/El-universo-literario-de-Tim-Burton-Big-Fish/?vgnextfmt=default&vgnextoid=d565c241037d5910VgnVCM2000001f4a900aRCRD&vgnextchannel=7911f073808fe410VgnVCM2000000c205a0aRCRD
"Teatro de títeres: ""El soldadito de plomo"" DE H.C. Andersen","CUENTACUENTOS, TÍTERES Y MARIONETAS",Centro Sociocultural Alfonso XII (Fuencarral - El Pardo),FUENCARRAL-EL PARDO,domingo 27 de abril de 2025,domingo 27 de abril de 2025,https://www.madrid.es/portales/munimadrid/es/Inicio/Cultura-ocio-y-deporte/Teatro-de-titeres-El-soldadito-de-plomo-DE-H-C-Andersen/?vgnextfmt=default&vgnextoid=5e6ee109ca9d5910VgnVCM2000001f4a900aRCRD&vgnextchannel=7911f073808fe410VgnVCM2000000c205a0aRCRD
Yincana 'Bienvenidos a la primavera',ITINERARIOS Y OTRAS ACTIVIDADES AMBIENTALES,Aula ambiental La Cabaña del Retiro,RETIRO,domingo 27 de abril de 2025,domingo 27 de abril de 2025,https://www.madrid.es/portales/munimadrid/es/Inicio/Cultura-ocio-y-deporte/Yincana-Bienvenidos-a-la-primavera-/?vgnextfmt=default&vgnextoid=5e898b56808d5910VgnVCM2000001f4a900aRCRD&vgnextchannel=7911f073808fe410VgnVCM2000000c205a0aRCRD
Viaje al reino del revés,"MÚSICA, 
            
            TEATRO PERFOMANCE",Centro Cultural Carril del Conde (Hortaleza),HORTALEZA,domingo 27 de abril de 2025,domingo 27 de abril de 2025,https://www.madrid.es/portales/munimadrid/es/Inicio/Cultura-ocio-y-deporte/Viaje-al-reino-del-reves/?vgnextfmt=default&vgnextoid=c32b6ab5d26f5910VgnVCM2000001f4a900aRCRD&vgnextchannel=7911f073808fe410VgnVCM2000000c205a0aRCRD
Rutas guiadas por el Parque de Valdebebas. Abril 2025,"ITINERARIOS Y OTRAS ACTIVIDADES AMBIENTALES, 
            
            CURSOS Y TALLERES",Parque Forestal de Valdebebas-Felipe VI,HORTALEZA,domingo 27 de abril de 2025,domingo 27 de abril de 2025,https://www.madrid.es/portales/munimadrid/es/Inicio/Cultura-ocio-y-deporte/Rutas-guiadas-por-el-Parque-de-Valdebebas-Abril-2025/?vgnextfmt=default&vgnextoid=12857665fa006910VgnVCM1000001d4a900aRCRD&vgnextchannel=7911f073808fe410VgnVCM2000000c205a0aRCRD
"Enric, el pájaro Cucú","CUENTACUENTOS, TÍTERES Y MARIONETAS",Centro Cultural Hortaleza,HORTALEZA,domingo 27 de abril de 2025,domingo 27 de abril de 2025,https://www.madrid.es/portales/munimadrid/es/Inicio/Cultura-ocio-y-deporte/Enric-el-pajaro-Cucu/?vgnextfmt=default&vgnextoid=cf1019e695416910VgnVCM1000001d4a900aRCRD&vgnextchannel=7911f073808fe410VgnVCM2000000c205a0aRCRD
Manos danzantes,CURSOS Y TALLERES,Centro Cultural Sanchinarro (Hortaleza),HORTALEZA,domingo 27 de abril de 2025,domingo 27 de abril de 2025,https://www.madrid.es/portales/munimadrid/es/Inicio/Cultura-ocio-y-deporte/Manos-danzantes/?vgnextfmt=default&vgnextoid=d6e3e7802e416910VgnVCM2000001f4a900aRCRD&vgnextchannel=7911f073808fe410VgnVCM2000000c205a0aRCRD
El príncipe que quería ser rey,TEATRO PERFOMANCE,Parque Forestal de Valdebebas-Felipe VI,HORTALEZA,domingo 27 de abril de 2025,domingo 27 de abril de 2025,https://www.madrid.es/portales/munimadrid/es/Inicio/Cultura-ocio-y-deporte/El-principe-que-queria-ser-rey/?vgnextfmt=default&vgnextoid=c1cf0c9363a16910VgnVCM2000001f4a900aRCRD&vgnextchannel=7911f073808fe410VgnVCM2000000c205a0aRCRD
'Un mundo de cuentos',"CUENTACUENTOS, TÍTERES Y MARIONETAS",Biblioteca Pública Municipal María Lejárraga (Hortaleza),HORTALEZA,domingo 27 de abril de 2025,domingo 27 de abril de 2025,https://www.madrid.es/portales/munimadrid/es/Inicio/Cultura-ocio-y-deporte/-Un-mundo-de-cuentos-/?vgnextfmt=default&vgnextoid=5b57dcede2426910VgnVCM1000001d4a900aRCRD&vgnextchannel=7911f073808fe410VgnVCM2000000c205a0aRCRD
Títeres: El cuento mezclado,"CUENTACUENTOS, TÍTERES Y MARIONETAS",Sin lugar,Sin distrito,domingo 27 de abril de 2025,domingo 27 de abril de 2025,https://www.madrid.es/portales/munimadrid/es/Inicio/Cultura-ocio-y-deporte/Titeres-El-cuento-mezclado/?vgnextfmt=default&vgnextoid=f62da1b80d426910VgnVCM1000001d4a900aRCRD&vgnextchannel=7911f073808fe410VgnVCM2000000c205a0aRCRD
Marcos de fotos,"FIESTAS, 
            
            CURSOS Y TALLERES",Sin lugar,Sin distrito,domingo 27 de abril de 2025,domingo 27 de abril de 2025,https://www.madrid.es/portales/munimadrid/es/Inicio/Cultura-ocio-y-deporte/Marcos-de-fotos/?vgnextfmt=default&vgnextoid=d8bda1b80d426910VgnVCM1000001d4a900aRCRD&vgnextchannel=7911f073808fe410VgnVCM2000000c205a0aRCRD
Actuaciones entidades y asociaciones,DANZA Y BAILE,Auditorio Municipal Las Trece Rosas,VILLA DE VALLECAS,domingo 27 de abril de 2025,domingo 27 de abril de 2025,https://www.madrid.es/portales/munimadrid/es/Inicio/Cultura-ocio-y-deporte/Actuaciones-entidades-y-asociaciones/?vgnextfmt=default&vgnextoid=914da1b80d426910VgnVCM1000001d4a900aRCRD&vgnextchannel=7911f073808fe410VgnVCM2000000c205a0aRCRD
Magus maravilla,CIRCO MAGIA,Sin lugar,Sin distrito,domingo 27 de abril de 2025,domingo 27 de abril de 2025,https://www.madrid.es/portales/munimadrid/es/Inicio/Cultura-ocio-y-deporte/Magus-maravilla/?vgnextfmt=default&vgnextoid=737da1b80d426910VgnVCM1000001d4a900aRCRD&vgnextchannel=7911f073808fe410VgnVCM2000000c205a0aRCRD
Marionetas de sombras,"FIESTAS, 
            
            CURSOS Y TALLERES",Sin lugar,Sin distrito,domingo 27 de abril de 2025,domingo 27 de abril de 2025,https://www.madrid.es/portales/munimadrid/es/Inicio/Cultura-ocio-y-deporte/Marionetas-de-sombras/?vgnextfmt=default&vgnextoid=33ada1b80d426910VgnVCM1000001d4a900aRCRD&vgnextchannel=7911f073808fe410VgnVCM2000000c205a0aRCRD
Torneo de voleibol de Villa de Vallecas,ACTIVIDADES DEPORTIVAS,Instalación Deportiva Básica Pabellón del Cementerio,VILLA DE VALLECAS,domingo 27 de abril de 2025,domingo 27 de abril de 2025,https://www.madrid.es/portales/munimadrid/es/Inicio/Cultura-ocio-y-deporte/Torneo-de-voleibol-de-Villa-de-Vallecas/?vgnextfmt=default&vgnextoid=22cea1b80d426910VgnVCM1000001d4a900aRCRD&vgnextchannel=7911f073808fe410VgnVCM2000000c205a0aRCRD
III Torneo de pádel Villa de Vallecas,ACTIVIDADES DEPORTIVAS,Centro Deportivo Municipal Juan de Dios Román,VILLA DE VALLECAS,domingo 27 de abril de 2025,domingo 27 de abril de 2025,https://www.madrid.es/portales/munimadrid/es/Inicio/Cultura-ocio-y-deporte/III-Torneo-de-padel-Villa-de-Vallecas/?vgnextfmt=default&vgnextoid=23bea1b80d426910VgnVCM1000001d4a900aRCRD&vgnextchannel=7911f073808fe410VgnVCM2000000c205a0aRCRD
Cuentacuentos infantil,"CUENTACUENTOS, TÍTERES Y MARIONETAS",Sin lugar,Sin distrito,domingo 27 de abril de 2025,domingo 27 de abril de 2025,https://www.madrid.es/portales/munimadrid/es/Inicio/Cultura-ocio-y-deporte/Cuentacuentos-infantil/?vgnextfmt=default&vgnextoid=66ecb4e355536910VgnVCM1000001d4a900aRCRD&vgnextchannel=7911f073808fe410VgnVCM2000000c205a0aRCRD
Concierto. Blanca Castillo.  Tres orquestas,MÚSICA,Sin lugar,Sin distrito,domingo 27 de abril de 2025,domingo 27 de abril de 2025,https://www.madrid.es/portales/munimadrid/es/Inicio/Cultura-ocio-y-deporte/Concierto-Blanca-Castillo-Tres-orquestas/?vgnextfmt=default&vgnextoid=78c24d66491f5910VgnVCM1000001d4a900aRCRD&vgnextchannel=7911f073808fe410VgnVCM2000000c205a0aRCRD
Los cuidadores de las letras,TEATRO PERFOMANCE,Centro Sociocultural Oporto (Carabanchel),CARABANCHEL,domingo 27 de abril de 2025,domingo 27 de abril de 2025,https://www.madrid.es/portales/munimadrid/es/Inicio/Cultura-ocio-y-deporte/Los-cuidadores-de-las-letras/?vgnextfmt=default&vgnextoid=0d1b7baa8f3a5910VgnVCM2000001f4a900aRCRD&vgnextchannel=7911f073808fe410VgnVCM2000000c205a0aRCRD
Jim y Anut,"CUENTACUENTOS, TÍTERES Y MARIONETAS",Centro Cultural Buero Vallejo (San Blas - Canillejas),SAN BLAS-CANILLEJAS,domingo 27 de abril de 2025,domingo 27 de abril de 2025,https://www.madrid.es/portales/munimadrid/es/Inicio/Cultura-ocio-y-deporte/Jim-y-Anut/?vgnextfmt=default&vgnextoid=9faf9125a23a5910VgnVCM1000001d4a900aRCRD&vgnextchannel=7911f073808fe410VgnVCM2000000c205a0aRCRD
Para mirarte mejor,"CUENTACUENTOS, TÍTERES Y MARIONETAS",Centro Cultural Meseta de Orcasitas (Usera),USERA,domingo 27 de abril de 2025,domingo 27 de abril de 2025,https://www.madrid.es/portales/munimadrid/es/Inicio/Cultura-ocio-y-deporte/Para-mirarte-mejor/?vgnextfmt=default&vgnextoid=1dc910c1fb3b5910VgnVCM1000001d4a900aRCRD&vgnextchannel=7911f073808fe410VgnVCM2000000c205a0aRCRD
El mundo mágico de los libros,CLUBES DE LECTURA,Centro Sociocultural García Lorca (Carabanchel),CARABANCHEL,domingo 27 de abril de 2025,domingo 27 de abril de 2025,https://www.madrid.es/portales/munimadrid/es/Inicio/Cultura-ocio-y-deporte/El-mundo-magico-de-los-libros/?vgnextfmt=default&vgnextoid=b3897baa8f3a5910VgnVCM2000001f4a900aRCRD&vgnextchannel=7911f073808fe410VgnVCM2000000c205a0aRCRD
Día del libro Infantil,"TEATRO PERFOMANCE, 
            
            EXPOSICIONES",Sin lugar,Sin distrito,domingo 27 de abril de 2025,domingo 27 de abril de 2025,https://www.madrid.es/portales/munimadrid/es/Inicio/Cultura-ocio-y-deporte/Dia-del-libro-Infantil/?vgnextfmt=default&vgnextoid=0e28e7bd62dc5910VgnVCM2000001f4a900aRCRD&vgnextchannel=7911f073808fe410VgnVCM2000000c205a0aRCRD
La chistera mágica,CURSOS Y TALLERES,Centro Cultural Nicolás Salmerón (Chamartín),CHAMARTIN,domingo 27 de abril de 2025,domingo 27 de abril de 2025,https://www.madrid.es/portales/munimadrid/es/Inicio/Cultura-ocio-y-deporte/La-chistera-magica/?vgnextfmt=default&vgnextoid=125dee03721f5910VgnVCM1000001d4a900aRCRD&vgnextchannel=7911f073808fe410VgnVCM2000000c205a0aRCRD
"'Pinto, pinto, gorgorito'","CUENTACUENTOS, TÍTERES Y MARIONETAS",Biblioteca Pública Municipal Ángel González (Latina),LATINA,domingo 27 de abril de 2025,domingo 27 de abril de 2025,https://www.madrid.es/portales/munimadrid/es/Inicio/Cultura-ocio-y-deporte/-Pinto-pinto-gorgorito-/?vgnextfmt=default&vgnextoid=9e47523ba58b5910VgnVCM2000001f4a900aRCRD&vgnextchannel=7911f073808fe410VgnVCM2000000c205a0aRCRD
Taller: Música y movimiento. Iniciándonos al baile y la música,CURSOS Y TALLERES,Centro Cultural Nicolás Salmerón (Chamartín),CHAMARTIN,domingo 27 de abril de 2025,domingo 27 de abril de 2025,https://www.madrid.es/portales/munimadrid/es/Inicio/Cultura-ocio-y-deporte/Taller-Musica-y-movimiento-Iniciandonos-al-baile-y-la-musica/?vgnextfmt=default&vgnextoid=c4ebee03721f5910VgnVCM1000001d4a900aRCRD&vgnextchannel=7911f073808fe410VgnVCM2000000c205a0aRCRD
Ruta a caballo,"TEATRO PERFOMANCE, 
            
            EXPOSICIONES",Centro Cultural Galileo (Chamberí),CHAMBERI,domingo 27 de abril de 2025,domingo 27 de abril de 2025,https://www.madrid.es/portales/munimadrid/es/Inicio/Cultura-ocio-y-deporte/Ruta-a-caballo/?vgnextfmt=default&vgnextoid=3e35e7bd62dc5910VgnVCM2000001f4a900aRCRD&vgnextchannel=7911f073808fe410VgnVCM2000000c205a0aRCRD
El Greco XXI.0,TEATRO PERFOMANCE,Centro Cultural Fernando Lázaro Carreter (Carabanchel),CARABANCHEL,domingo 27 de abril de 2025,domingo 27 de abril de 2025,https://www.madrid.es/portales/munimadrid/es/Inicio/Cultura-ocio-y-deporte/El-Greco-XXI-0/?vgnextfmt=default&vgnextoid=0b5da4ba934a5910VgnVCM1000001d4a900aRCRD&vgnextchannel=7911f073808fe410VgnVCM2000000c205a0aRCRD
Taller ilustración de libros,CURSOS Y TALLERES,Centro Cultural San Francisco La Prensa (Carabanchel),CARABANCHEL,domingo 27 de abril de 2025,domingo 27 de abril de 2025,https://www.madrid.es/portales/munimadrid/es/Inicio/Cultura-ocio-y-deporte/Taller-ilustracion-de-libros/?vgnextfmt=default&vgnextoid=ffbf7baa8f3a5910VgnVCM2000001f4a900aRCRD&vgnextchannel=7911f073808fe410VgnVCM2000000c205a0aRCRD
'Una curiosidad muy curiosa',"CUENTACUENTOS, TÍTERES Y MARIONETAS",Biblioteca Pública Municipal Vallecas (Puente de Vallecas),PUENTE DE VALLECAS,martes 29 de abril de 2025,martes 29 de abril de 2025,https://www.madrid.es/portales/munimadrid/es/Inicio/Cultura-ocio-y-deporte/-Una-curiosidad-muy-curiosa-/?vgnextfmt=default&vgnextoid=199b0bceb7a16910VgnVCM1000001d4a900aRCRD&vgnextchannel=7911f073808fe410VgnVCM2000000c205a0aRCRD
'El jardín de Cuenteando',"CUENTACUENTOS, TÍTERES Y MARIONETAS",Biblioteca Pública Municipal María Zambrano (Tetuán),TETUAN,martes 29 de abril de 2025,martes 29 de abril de 2025,https://www.madrid.es/portales/munimadrid/es/Inicio/Cultura-ocio-y-deporte/-El-jardin-de-Cuenteando-/?vgnextfmt=default&vgnextoid=61d7523ba58b5910VgnVCM2000001f4a900aRCRD&vgnextchannel=7911f073808fe410VgnVCM2000000c205a0aRCRD
Cine infantil en la Biblioteca María Lejárraga: 'Un héroe samurái: la leyenda de Hank',CINE ACTIVIDADES AUDIOVISUALES,Biblioteca Pública Municipal María Lejárraga (Hortaleza),HORTALEZA,martes 29 de abril de 2025,martes 29 de abril de 2025,https://www.madrid.es/portales/munimadrid/es/Inicio/Cultura-ocio-y-deporte/Cine-infantil-en-la-Biblioteca-Maria-Lejarraga-Un-heroe-samurai-la-leyenda-de-Hank-/?vgnextfmt=default&vgnextoid=ffd1969485f75910VgnVCM2000001f4a900aRCRD&vgnextchannel=7911f073808fe410VgnVCM2000000c205a0aRCRD
Érase una vez un pato - Teatro La Proa (Cuba),"CUENTACUENTOS, TÍTERES Y MARIONETAS, 
            
            MADRID DESTINO",Teatro Municipal de Títeres,RETIRO,sábado 3 de mayo de 2025,domingo 4 de mayo de 2025,https://www.madrid.es/portales/munimadrid/es/Inicio/Cultura-ocio-y-deporte/Erase-una-vez-un-pato-Teatro-La-Proa-Cuba-/?vgnextfmt=default&vgnextoid=3d89bf4aebf85910VgnVCM1000001d4a900aRCRD&vgnextchannel=7911f073808fe410VgnVCM2000000c205a0aRCRD
Un mundo de cuentos,"CUENTACUENTOS, TÍTERES Y MARIONETAS",Biblioteca Pública Municipal Ana María Matute (Carabanchel),CARABANCHEL,martes 6 de mayo de 2025,martes 6 de mayo de 2025,https://www.madrid.es/portales/munimadrid/es/Inicio/Cultura-ocio-y-deporte/Un-mundo-de-cuentos/?vgnextfmt=default&vgnextoid=971796d505336910VgnVCM1000001d4a900aRCRD&vgnextchannel=7911f073808fe410VgnVCM2000000c205a0aRCRD
'A jugar con los libros',"CUENTACUENTOS, TÍTERES Y MARIONETAS",Biblioteca Pública Municipal La Elipa (Ciudad Lineal),CIUDAD LINEAL,martes 6 de mayo de 2025,martes 6 de mayo de 2025,https://www.madrid.es/portales/munimadrid/es/Inicio/Cultura-ocio-y-deporte/-A-jugar-con-los-libros-/?vgnextfmt=default&vgnextoid=7e93528353436910VgnVCM2000001f4a900aRCRD&vgnextchannel=7911f073808fe410VgnVCM2000000c205a0aRCRD
la reina de los colores,"CUENTACUENTOS, TÍTERES Y MARIONETAS",Biblioteca Pública Municipal Pío Baroja (Arganzuela),ARGANZUELA,martes 6 de mayo de 2025,martes 6 de mayo de 2025,https://www.madrid.es/portales/munimadrid/es/Inicio/Cultura-ocio-y-deporte/la-reina-de-los-colores/?vgnextfmt=default&vgnextoid=b24852aee7336910VgnVCM1000001d4a900aRCRD&vgnextchannel=7911f073808fe410VgnVCM2000000c205a0aRCRD
Viaje al centro del laberinto,"CUENTACUENTOS, TÍTERES Y MARIONETAS",Biblioteca Pública Municipal San Blas (San Blas-Canillejas),SAN BLAS-CANILLEJAS,miércoles 7 de mayo de 2025,miércoles 7 de mayo de 2025,https://www.madrid.es/portales/munimadrid/es/Inicio/Cultura-ocio-y-deporte/Viaje-al-centro-del-laberinto/?vgnextfmt=default&vgnextoid=d3fc468e9b336910VgnVCM1000001d4a900aRCRD&vgnextchannel=7911f073808fe410VgnVCM2000000c205a0aRCRD
"Miau, miau","CUENTACUENTOS, TÍTERES Y MARIONETAS",Biblioteca Pública Municipal Gloria Fuertes (Barajas),BARAJAS,miércoles 7 de mayo de 2025,miércoles 7 de mayo de 2025,https://www.madrid.es/portales/munimadrid/es/Inicio/Cultura-ocio-y-deporte/Miau-miau/?vgnextfmt=default&vgnextoid=40b052aee7336910VgnVCM1000001d4a900aRCRD&vgnextchannel=7911f073808fe410VgnVCM2000000c205a0aRCRD
A taste of the moon,"CUENTACUENTOS, TÍTERES Y MARIONETAS",Biblioteca Pública Municipal José Hierro (San Blas-Canillejas),SAN BLAS-CANILLEJAS,miércoles 7 de mayo de 2025,miércoles 7 de mayo de 2025,https://www.madrid.es/portales/munimadrid/es/Inicio/Cultura-ocio-y-deporte/A-taste-of-the-moon/?vgnextfmt=default&vgnextoid=2c4e528353436910VgnVCM2000001f4a900aRCRD&vgnextchannel=7911f073808fe410VgnVCM2000000c205a0aRCRD
'Cuentos en la granja',"CUENTACUENTOS, TÍTERES Y MARIONETAS",Biblioteca Pública Municipal Eugenio Trías,RETIRO,miércoles 7 de mayo de 2025,miércoles 7 de mayo de 2025,https://www.madrid.es/portales/munimadrid/es/Inicio/Cultura-ocio-y-deporte/-Cuentos-en-la-granja-/?vgnextfmt=default&vgnextoid=a6c3528353436910VgnVCM2000001f4a900aRCRD&vgnextchannel=7911f073808fe410VgnVCM2000000c205a0aRCRD
En el bosque,"CUENTACUENTOS, TÍTERES Y MARIONETAS",Biblioteca Pública Municipal Pozo del Tío Raimundo (Puente de Vallecas),PUENTE DE VALLECAS,jueves 8 de mayo de 2025,jueves 8 de mayo de 2025,https://www.madrid.es/portales/munimadrid/es/Inicio/Cultura-ocio-y-deporte/En-el-bosque/?vgnextfmt=default&vgnextoid=acfe468e9b336910VgnVCM1000001d4a900aRCRD&vgnextchannel=7911f073808fe410VgnVCM2000000c205a0aRCRD
Cuentos de animalitos y animalotes,"CUENTACUENTOS, TÍTERES Y MARIONETAS",Biblioteca Pública Municipal Benito Pérez Galdós (Centro),CENTRO,jueves 8 de mayo de 2025,jueves 8 de mayo de 2025,https://www.madrid.es/portales/munimadrid/es/Inicio/Cultura-ocio-y-deporte/Cuentos-de-animalitos-y-animalotes/?vgnextfmt=default&vgnextoid=14ed468e9b336910VgnVCM1000001d4a900aRCRD&vgnextchannel=7911f073808fe410VgnVCM2000000c205a0aRCRD
A taste of the moon,"CUENTACUENTOS, TÍTERES Y MARIONETAS",Biblioteca Pública Municipal Vicálvaro,VICALVARO,jueves 8 de mayo de 2025,jueves 8 de mayo de 2025,https://www.madrid.es/portales/munimadrid/es/Inicio/Cultura-ocio-y-deporte/A-taste-of-the-moon/?vgnextfmt=default&vgnextoid=baceaa4735436910VgnVCM1000001d4a900aRCRD&vgnextchannel=7911f073808fe410VgnVCM2000000c205a0aRCRD
'Si las nubes fueran de algodón',"CUENTACUENTOS, TÍTERES Y MARIONETAS",Biblioteca Pública Municipal Gerardo Diego (Villa de Vallecas),VILLA DE VALLECAS,jueves 8 de mayo de 2025,jueves 8 de mayo de 2025,https://www.madrid.es/portales/munimadrid/es/Inicio/Cultura-ocio-y-deporte/-Si-las-nubes-fueran-de-algodon-/?vgnextfmt=default&vgnextoid=31f3528353436910VgnVCM2000001f4a900aRCRD&vgnextchannel=7911f073808fe410VgnVCM2000000c205a0aRCRD
A la mar salada,"CUENTACUENTOS, TÍTERES Y MARIONETAS",Biblioteca Pública Municipal Ciudad Lineal (Ciudad Lineal),CIUDAD LINEAL,viernes 9 de mayo de 2025,viernes 9 de mayo de 2025,https://www.madrid.es/portales/munimadrid/es/Inicio/Cultura-ocio-y-deporte/A-la-mar-salada/?vgnextfmt=default&vgnextoid=366f468e9b336910VgnVCM1000001d4a900aRCRD&vgnextchannel=7911f073808fe410VgnVCM2000000c205a0aRCRD
¿Hay alguien más aburrido que yo?,"CUENTACUENTOS, TÍTERES Y MARIONETAS",Biblioteca Pública Municipal Pablo Neruda (Ciudad Lineal),CIUDAD LINEAL,viernes 9 de mayo de 2025,viernes 9 de mayo de 2025,https://www.madrid.es/portales/munimadrid/es/Inicio/Cultura-ocio-y-deporte/Hay-alguien-mas-aburrido-que-yo-/?vgnextfmt=default&vgnextoid=3495dd4357a16910VgnVCM2000001f4a900aRCRD&vgnextchannel=7911f073808fe410VgnVCM2000000c205a0aRCRD
Manoviva - Girovago & Rondella (Italia),"CUENTACUENTOS, TÍTERES Y MARIONETAS, 
            
            MADRID DESTINO",Teatro Municipal de Títeres,RETIRO,sábado 10 de mayo de 2025,domingo 11 de mayo de 2025,https://www.madrid.es/portales/munimadrid/es/Inicio/Cultura-ocio-y-deporte/Manoviva-Girovago-Rondella-Italia-/?vgnextfmt=default&vgnextoid=5c60ab4f96f85910VgnVCM2000001f4a900aRCRD&vgnextchannel=7911f073808fe410VgnVCM2000000c205a0aRCRD
Asalto a la lectura. Animales grandes,"RECITALES, PRESENTACIONES Y ACTOS LITERARIOS, 
            
            CURSOS Y TALLERES",Centro Cultural Clara del Rey - Museo ABC (Centro),CENTRO,sábado 10 de mayo de 2025,sábado 10 de mayo de 2025,https://www.madrid.es/portales/munimadrid/es/Inicio/Cultura-ocio-y-deporte/Asalto-a-la-lectura-Animales-grandes/?vgnextfmt=default&vgnextoid=820e5f0dcc336910VgnVCM2000001f4a900aRCRD&vgnextchannel=7911f073808fe410VgnVCM2000000c205a0aRCRD
The cook and the king,"CUENTACUENTOS, TÍTERES Y MARIONETAS",Biblioteca Pública Municipal Iván de Vargas (Centro),CENTRO,sábado 10 de mayo de 2025,sábado 10 de mayo de 2025,https://www.madrid.es/portales/munimadrid/es/Inicio/Cultura-ocio-y-deporte/The-cook-and-the-king/?vgnextfmt=default&vgnextoid=5b9faa4735436910VgnVCM1000001d4a900aRCRD&vgnextchannel=7911f073808fe410VgnVCM2000000c205a0aRCRD
Salvajes,CINE ACTIVIDADES AUDIOVISUALES,Centro Cultural Buero Vallejo (San Blas - Canillejas),SAN BLAS-CANILLEJAS,domingo 11 de mayo de 2025,domingo 11 de mayo de 2025,https://www.madrid.es/portales/munimadrid/es/Inicio/Cultura-ocio-y-deporte/Salvajes/?vgnextfmt=default&vgnextoid=912adedac5936910VgnVCM2000001f4a900aRCRD&vgnextchannel=7911f073808fe410VgnVCM2000000c205a0aRCRD
Cuentos con amor por un mundo mejor,"CUENTACUENTOS, TÍTERES Y MARIONETAS",Biblioteca Pública Municipal Ángel González (Latina),LATINA,domingo 11 de mayo de 2025,domingo 11 de mayo de 2025,https://www.madrid.es/portales/munimadrid/es/Inicio/Cultura-ocio-y-deporte/Cuentos-con-amor-por-un-mundo-mejor/?vgnextfmt=default&vgnextoid=0d40468e9b336910VgnVCM1000001d4a900aRCRD&vgnextchannel=7911f073808fe410VgnVCM2000000c205a0aRCRD
Five little goats,"CUENTACUENTOS, TÍTERES Y MARIONETAS",Biblioteca Pública Municipal Mario Vargas Llosa (Centro),CENTRO,lunes 12 de mayo de 2025,lunes 12 de mayo de 2025,https://www.madrid.es/portales/munimadrid/es/Inicio/Cultura-ocio-y-deporte/Five-little-goats/?vgnextfmt=default&vgnextoid=5ad0aa4735436910VgnVCM1000001d4a900aRCRD&vgnextchannel=7911f073808fe410VgnVCM2000000c205a0aRCRD
"'1. 2, 3, dedos, manos y pies'","CUENTACUENTOS, TÍTERES Y MARIONETAS",Biblioteca Pública Municipal Francisco Ibáñez (Chamartín),CHAMARTIN,martes 13 de mayo de 2025,martes 13 de mayo de 2025,https://www.madrid.es/portales/munimadrid/es/Inicio/Cultura-ocio-y-deporte/-1-2-3-dedos-manos-y-pies-/?vgnextfmt=default&vgnextoid=ea14528353436910VgnVCM2000001f4a900aRCRD&vgnextchannel=7911f073808fe410VgnVCM2000000c205a0aRCRD
Cine infantil en la Biblioteca María Lejárraga: 'Antz',CINE ACTIVIDADES AUDIOVISUALES,Biblioteca Pública Municipal María Lejárraga (Hortaleza),HORTALEZA,martes 13 de mayo de 2025,martes 13 de mayo de 2025,https://www.madrid.es/portales/munimadrid/es/Inicio/Cultura-ocio-y-deporte/Cine-infantil-en-la-Biblioteca-Maria-Lejarraga-Antz-/?vgnextfmt=default&vgnextoid=897e969485f75910VgnVCM2000001f4a900aRCRD&vgnextchannel=7911f073808fe410VgnVCM2000000c205a0aRCRD
The cook and the king,"CUENTACUENTOS, TÍTERES Y MARIONETAS",Biblioteca Pública Municipal Francisco Ayala (Vicálvaro),VICALVARO,miércoles 14 de mayo de 2025,miércoles 14 de mayo de 2025,https://www.madrid.es/portales/munimadrid/es/Inicio/Cultura-ocio-y-deporte/The-cook-and-the-king/?vgnextfmt=default&vgnextoid=8e02aa4735436910VgnVCM1000001d4a900aRCRD&vgnextchannel=7911f073808fe410VgnVCM2000000c205a0aRCRD
'Viri Virom',"CUENTACUENTOS, TÍTERES Y MARIONETAS",Biblioteca Pública Municipal José Saramago (Fuencarral-El Pardo),FUENCARRAL-EL PARDO,miércoles 14 de mayo de 2025,miércoles 14 de mayo de 2025,https://www.madrid.es/portales/munimadrid/es/Inicio/Cultura-ocio-y-deporte/-Viri-Virom-/?vgnextfmt=default&vgnextoid=6884528353436910VgnVCM2000001f4a900aRCRD&vgnextchannel=7911f073808fe410VgnVCM2000000c205a0aRCRD
Cuando los hombres tengan alas - La Malette. (Francia/Uruguay),"CUENTACUENTOS, TÍTERES Y MARIONETAS",Teatro Municipal de Títeres,RETIRO,jueves 15 de mayo de 2025,jueves 15 de mayo de 2025,https://www.madrid.es/portales/munimadrid/es/Inicio/Cultura-ocio-y-deporte/Cuando-los-hombres-tengan-alas-La-Malette-Francia-Uruguay-/?vgnextfmt=default&vgnextoid=5ebabf4aebf85910VgnVCM1000001d4a900aRCRD&vgnextchannel=7911f073808fe410VgnVCM2000000c205a0aRCRD
"Pluma, guitarra y papel - Los duendes (Comunidad Valenciana)","CUENTACUENTOS, TÍTERES Y MARIONETAS",Teatro Municipal de Títeres,RETIRO,sábado 17 de mayo de 2025,domingo 18 de mayo de 2025,https://www.madrid.es/portales/munimadrid/es/Inicio/Cultura-ocio-y-deporte/Pluma-guitarra-y-papel-Los-duendes-Comunidad-Valenciana-/?vgnextfmt=default&vgnextoid=3992177c89395910VgnVCM2000001f4a900aRCRD&vgnextchannel=7911f073808fe410VgnVCM2000000c205a0aRCRD
Partida de rol: Cthulhu en la biblioteca,CURSOS Y TALLERES,Biblioteca Pública Municipal Iván de Vargas (Centro),CENTRO,sábado 17 de mayo de 2025,sábado 17 de mayo de 2025,https://www.madrid.es/portales/munimadrid/es/Inicio/Cultura-ocio-y-deporte/Partida-de-rol-Cthulhu-en-la-biblioteca/?vgnextfmt=default&vgnextoid=60df9aa342165910VgnVCM2000001f4a900aRCRD&vgnextchannel=7911f073808fe410VgnVCM2000000c205a0aRCRD
Espuma de mar,TEATRO PERFOMANCE,Centro Cultural Sanchinarro (Hortaleza),HORTALEZA,domingo 18 de mayo de 2025,domingo 18 de mayo de 2025,https://www.madrid.es/portales/munimadrid/es/Inicio/Cultura-ocio-y-deporte/Espuma-de-mar/?vgnextfmt=default&vgnextoid=a084e7802e416910VgnVCM2000001f4a900aRCRD&vgnextchannel=7911f073808fe410VgnVCM2000000c205a0aRCRD
'Con mis manitas',"CUENTACUENTOS, TÍTERES Y MARIONETAS",Biblioteca Pública Municipal Mario Vargas Llosa (Centro),CENTRO,lunes 19 de mayo de 2025,lunes 19 de mayo de 2025,https://www.madrid.es/portales/munimadrid/es/Inicio/Cultura-ocio-y-deporte/-Con-mis-manitas-/?vgnextfmt=default&vgnextoid=72d4528353436910VgnVCM2000001f4a900aRCRD&vgnextchannel=7911f073808fe410VgnVCM2000000c205a0aRCRD
The cook and the king,"CUENTACUENTOS, TÍTERES Y MARIONETAS",Biblioteca Pública Municipal David Gistau (Salamanca),SALAMANCA,miércoles 21 de mayo de 2025,miércoles 21 de mayo de 2025,https://www.madrid.es/portales/munimadrid/es/Inicio/Cultura-ocio-y-deporte/The-cook-and-the-king/?vgnextfmt=default&vgnextoid=f603aa4735436910VgnVCM1000001d4a900aRCRD&vgnextchannel=7911f073808fe410VgnVCM2000000c205a0aRCRD
'Con mis manitas',"CUENTACUENTOS, TÍTERES Y MARIONETAS",Biblioteca Pública Municipal Gloria Fuertes (Barajas),BARAJAS,miércoles 21 de mayo de 2025,miércoles 21 de mayo de 2025,https://www.madrid.es/portales/munimadrid/es/Inicio/Cultura-ocio-y-deporte/-Con-mis-manitas-/?vgnextfmt=default&vgnextoid=68f4528353436910VgnVCM2000001f4a900aRCRD&vgnextchannel=7911f073808fe410VgnVCM2000000c205a0aRCRD
A taste of the moon,"CUENTACUENTOS, TÍTERES Y MARIONETAS",Biblioteca Pública Municipal Pablo Neruda (Ciudad Lineal),CIUDAD LINEAL,jueves 22 de mayo de 2025,jueves 22 de mayo de 2025,https://www.madrid.es/portales/munimadrid/es/Inicio/Cultura-ocio-y-deporte/A-taste-of-the-moon/?vgnextfmt=default&vgnextoid=edd0528353436910VgnVCM2000001f4a900aRCRD&vgnextchannel=7911f073808fe410VgnVCM2000000c205a0aRCRD
'Había una vez una iguana',"CUENTACUENTOS, TÍTERES Y MARIONETAS",Biblioteca Pública Municipal Manuel Vázquez Montalbán (Tetuán),TETUAN,jueves 22 de mayo de 2025,jueves 22 de mayo de 2025,https://www.madrid.es/portales/munimadrid/es/Inicio/Cultura-ocio-y-deporte/-Habia-una-vez-una-iguana-/?vgnextfmt=default&vgnextoid=af15528353436910VgnVCM2000001f4a900aRCRD&vgnextchannel=7911f073808fe410VgnVCM2000000c205a0aRCRD
The far West,"CUENTACUENTOS, TÍTERES Y MARIONETAS",Biblioteca Pública Municipal San Blas (San Blas-Canillejas),SAN BLAS-CANILLEJAS,viernes 23 de mayo de 2025,viernes 23 de mayo de 2025,https://www.madrid.es/portales/munimadrid/es/Inicio/Cultura-ocio-y-deporte/The-far-West/?vgnextfmt=default&vgnextoid=5b8354e4ac5f5910VgnVCM2000001f4a900aRCRD&vgnextchannel=7911f073808fe410VgnVCM2000000c205a0aRCRD
El Fado de Ulisses - Rodopio d´ideias (Portugal),"CUENTACUENTOS, TÍTERES Y MARIONETAS",Teatro Municipal de Títeres,RETIRO,sábado 24 de mayo de 2025,domingo 25 de mayo de 2025,https://www.madrid.es/portales/munimadrid/es/Inicio/Cultura-ocio-y-deporte/El-Fado-de-Ulisses-Rodopio-dideias-Portugal-/?vgnextfmt=default&vgnextoid=aad2177c89395910VgnVCM2000001f4a900aRCRD&vgnextchannel=7911f073808fe410VgnVCM2000000c205a0aRCRD
Una de ratones,TEATRO PERFOMANCE,Teatro Municipal de Vallecas,VILLA DE VALLECAS,sábado 24 de mayo de 2025,sábado 24 de mayo de 2025,https://www.madrid.es/portales/munimadrid/es/Inicio/Cultura-ocio-y-deporte/Una-de-ratones/?vgnextfmt=default&vgnextoid=7b88a194b1fa5910VgnVCM2000001f4a900aRCRD&vgnextchannel=7911f073808fe410VgnVCM2000000c205a0aRCRD
Taller de traducción para pequeños lingüistas,"RECITALES, PRESENTACIONES Y ACTOS LITERARIOS, 
            
            LITERATURA, 
            
            CURSOS Y TALLERES",Matadero Madrid,ARGANZUELA,sábado 24 de mayo de 2025,sábado 24 de mayo de 2025,https://www.madrid.es/portales/munimadrid/es/Inicio/Cultura-ocio-y-deporte/Taller-de-traduccion-para-pequenos-linguistas/?vgnextfmt=default&vgnextoid=bb59828cf1936910VgnVCM1000001d4a900aRCRD&vgnextchannel=7911f073808fe410VgnVCM2000000c205a0aRCRD
Personajes ilustrados,"RECITALES, PRESENTACIONES Y ACTOS LITERARIOS, 
            
            LITERATURA, 
            
            CURSOS Y TALLERES, 
            
            EXPOSICIONES",Matadero Madrid,ARGANZUELA,sábado 24 de mayo de 2025,sábado 24 de mayo de 2025,https://www.madrid.es/portales/munimadrid/es/Inicio/Cultura-ocio-y-deporte/Personajes-ilustrados/?vgnextfmt=default&vgnextoid=6449828cf1936910VgnVCM1000001d4a900aRCRD&vgnextchannel=7911f073808fe410VgnVCM2000000c205a0aRCRD
'Aserrín-Aserrán',"CUENTACUENTOS, TÍTERES Y MARIONETAS",Biblioteca Pública Municipal San Fermín (Usera),USERA,sábado 24 de mayo de 2025,sábado 24 de mayo de 2025,https://www.madrid.es/portales/munimadrid/es/Inicio/Cultura-ocio-y-deporte/-Aserrin-Aserran-/?vgnextfmt=default&vgnextoid=887125cb844a5910VgnVCM2000001f4a900aRCRD&vgnextchannel=7911f073808fe410VgnVCM2000000c205a0aRCRD
Folklore en Familia: concierto de Vibra-Tó - Chamberí,"21 DISTRITOS, 
            
            MÚSICA",Centro Cultural Galileo (Chamberí),CHAMBERI,domingo 25 de mayo de 2025,domingo 25 de mayo de 2025,https://www.madrid.es/portales/munimadrid/es/Inicio/Cultura-ocio-y-deporte/Folklore-en-Familia-concierto-de-Vibra-To-Chamberi/?vgnextfmt=default&vgnextoid=ae3753c73ab16910VgnVCM1000001d4a900aRCRD&vgnextchannel=7911f073808fe410VgnVCM2000000c205a0aRCRD
Folklore en Familia: taller de Vibra-Tó - Chamberí,"21 DISTRITOS, 
            
            CURSOS Y TALLERES, 
            
            MÚSICA",Centro Cultural Galileo (Chamberí),CHAMBERI,domingo 25 de mayo de 2025,domingo 25 de mayo de 2025,https://www.madrid.es/portales/munimadrid/es/Inicio/Cultura-ocio-y-deporte/Folklore-en-Familia-taller-de-Vibra-To-Chamberi/?vgnextfmt=default&vgnextoid=c45753c73ab16910VgnVCM1000001d4a900aRCRD&vgnextchannel=7911f073808fe410VgnVCM2000000c205a0aRCRD
Sirocco y el reino de los vientos,CINE ACTIVIDADES AUDIOVISUALES,Centro Cultural Buero Vallejo (San Blas - Canillejas),SAN BLAS-CANILLEJAS,domingo 25 de mayo de 2025,domingo 25 de mayo de 2025,https://www.madrid.es/portales/munimadrid/es/Inicio/Cultura-ocio-y-deporte/Sirocco-y-el-reino-de-los-vientos/?vgnextfmt=default&vgnextoid=517adedac5936910VgnVCM2000001f4a900aRCRD&vgnextchannel=7911f073808fe410VgnVCM2000000c205a0aRCRD
A taste of the moon,"CUENTACUENTOS, TÍTERES Y MARIONETAS",Biblioteca Pública Municipal Manuel Vázquez Montalbán (Tetuán),TETUAN,jueves 29 de mayo de 2025,jueves 29 de mayo de 2025,https://www.madrid.es/portales/munimadrid/es/Inicio/Cultura-ocio-y-deporte/A-taste-of-the-moon/?vgnextfmt=default&vgnextoid=7911528353436910VgnVCM2000001f4a900aRCRD&vgnextchannel=7911f073808fe410VgnVCM2000000c205a0aRCRD
Cine infantil en la Biblioteca María Lejárraga: 'Clifford: el gran perro rojo',CINE ACTIVIDADES AUDIOVISUALES,Biblioteca Pública Municipal María Lejárraga (Hortaleza),HORTALEZA,jueves 29 de mayo de 2025,jueves 29 de mayo de 2025,https://www.madrid.es/portales/munimadrid/es/Inicio/Cultura-ocio-y-deporte/Cine-infantil-en-la-Biblioteca-Maria-Lejarraga-Clifford-el-gran-perro-rojo-/?vgnextfmt=default&vgnextoid=e252969485f75910VgnVCM2000001f4a900aRCRD&vgnextchannel=7911f073808fe410VgnVCM2000000c205a0aRCRD
'Había una vez una iguana',"CUENTACUENTOS, TÍTERES Y MARIONETAS",Biblioteca Pública Municipal Ciudad Lineal (Ciudad Lineal),CIUDAD LINEAL,viernes 30 de mayo de 2025,viernes 30 de mayo de 2025,https://www.madrid.es/portales/munimadrid/es/Inicio/Cultura-ocio-y-deporte/-Habia-una-vez-una-iguana-/?vgnextfmt=default&vgnextoid=2b75528353436910VgnVCM2000001f4a900aRCRD&vgnextchannel=7911f073808fe410VgnVCM2000000c205a0aRCRD
La historia interminable,CINE ACTIVIDADES AUDIOVISUALES,Teatro Municipal de Vallecas,VILLA DE VALLECAS,sábado 31 de mayo de 2025,sábado 31 de mayo de 2025,https://www.madrid.es/portales/munimadrid/es/Inicio/Cultura-ocio-y-deporte/La-historia-interminable/?vgnextfmt=default&vgnextoid=29b8a194b1fa5910VgnVCM2000001f4a900aRCRD&vgnextchannel=7911f073808fe410VgnVCM2000000c205a0aRCRD
Pequemonstro - Teatro de Carmen (Región de Murcia),"CUENTACUENTOS, TÍTERES Y MARIONETAS, 
            
            MADRID DESTINO",Teatro Municipal de Títeres,RETIRO,sábado 31 de mayo de 2025,domingo 1 de junio de 2025,https://www.madrid.es/portales/munimadrid/es/Inicio/Cultura-ocio-y-deporte/Pequemonstro-Teatro-de-Carmen-Region-de-Murcia-/?vgnextfmt=default&vgnextoid=9da1e7bd62dc5910VgnVCM2000001f4a900aRCRD&vgnextchannel=7911f073808fe410VgnVCM2000000c205a0aRCRD
Partida de rol: Cthulhu en la biblioteca,CURSOS Y TALLERES,Biblioteca Pública Municipal Iván de Vargas (Centro),CENTRO,sábado 31 de mayo de 2025,sábado 31 de mayo de 2025,https://www.madrid.es/portales/munimadrid/es/Inicio/Cultura-ocio-y-deporte/Partida-de-rol-Cthulhu-en-la-biblioteca/?vgnextfmt=default&vgnextoid=0def9aa342165910VgnVCM2000001f4a900aRCRD&vgnextchannel=7911f073808fe410VgnVCM2000000c205a0aRCRD
Tres historias tres - Ángeles de trapo (Andalucía),"CUENTACUENTOS, TÍTERES Y MARIONETAS, 
            
            MADRID DESTINO",Teatro Municipal de Títeres,RETIRO,sábado 7 de junio de 2025,domingo 8 de junio de 2025,https://www.madrid.es/portales/munimadrid/es/Inicio/Cultura-ocio-y-deporte/Tres-historias-tres-Angeles-de-trapo-Andalucia-/?vgnextfmt=default&vgnextoid=7a6dfc4d352d5910VgnVCM2000001f4a900aRCRD&vgnextchannel=7911f073808fe410VgnVCM2000000c205a0aRCRD
La Principita,TEATRO PERFOMANCE,Centro Cultural Casa de Vacas (Retiro),RETIRO,sábado 14 de junio de 2025,sábado 14 de junio de 2025,https://www.madrid.es/portales/munimadrid/es/Inicio/Cultura-ocio-y-deporte/La-Principita/?vgnextfmt=default&vgnextoid=74266762d68a5910VgnVCM1000001d4a900aRCRD&vgnextchannel=7911f073808fe410VgnVCM2000000c205a0aRCRD
Caperucita roja - El retablo (Madrid),"CUENTACUENTOS, TÍTERES Y MARIONETAS, 
            
            MADRID DESTINO",Teatro Municipal de Títeres,RETIRO,sábado 14 de junio de 2025,domingo 15 de junio de 2025,https://www.madrid.es/portales/munimadrid/es/Inicio/Cultura-ocio-y-deporte/Caperucita-roja-El-retablo-Madrid-/?vgnextfmt=default&vgnextoid=d30de7bd62dc5910VgnVCM2000001f4a900aRCRD&vgnextchannel=7911f073808fe410VgnVCM2000000c205a0aRCRD
Mari la mariquita,Sin tipo,Centro de Información y Educación Ambiental de El Huerto de El Retiro,RETIRO,domingo 15 de junio de 2025,domingo 15 de junio de 2025,https://www.madrid.es/portales/munimadrid/es/Inicio/Cultura-ocio-y-deporte/Mari-la-mariquita/?vgnextfmt=default&vgnextoid=a9a40b57897d5910VgnVCM1000001d4a900aRCRD&vgnextchannel=7911f073808fe410VgnVCM2000000c205a0aRCRD
Planeta Tierra - Títeres Sol y Tierra (Madrid),"CUENTACUENTOS, TÍTERES Y MARIONETAS",Teatro Municipal de Títeres,RETIRO,sábado 21 de junio de 2025,domingo 22 de junio de 2025,https://www.madrid.es/portales/munimadrid/es/Inicio/Cultura-ocio-y-deporte/Planeta-Tierra-Titeres-Sol-y-Tierra-Madrid-/?vgnextfmt=default&vgnextoid=1cb6fc4d352d5910VgnVCM2000001f4a900aRCRD&vgnextchannel=7911f073808fe410VgnVCM2000000c205a0aRCRD
Campamento del Price (7 y 8 años),"CIRCO MAGIA, 
            
            CURSOS Y TALLERES, 
            
            CAMPAMENTOS",Teatro Circo Price,ARGANZUELA,lunes 23 de junio de 2025,viernes 18 de julio de 2025,https://www.madrid.es/portales/munimadrid/es/Inicio/Cultura-ocio-y-deporte/Campamento-del-Price-7-y-8-anos-/?vgnextfmt=default&vgnextoid=2bd7c6d055f16910VgnVCM1000001d4a900aRCRD&vgnextchannel=7911f073808fe410VgnVCM2000000c205a0aRCRD
Campamento del Price (9 y 10 años),"CIRCO MAGIA, 
            
            CAMPAMENTOS",Teatro Circo Price,ARGANZUELA,lunes 23 de junio de 2025,viernes 18 de julio de 2025,https://www.madrid.es/portales/munimadrid/es/Inicio/Cultura-ocio-y-deporte/Campamento-del-Price-9-y-10-anos-/?vgnextfmt=default&vgnextoid=ebdb68a247f16910VgnVCM1000001d4a900aRCRD&vgnextchannel=7911f073808fe410VgnVCM2000000c205a0aRCRD
Campamento del Price (11 y 12 años),"CURSOS Y TALLERES, 
            
            CAMPAMENTOS",Teatro Circo Price,ARGANZUELA,lunes 23 de junio de 2025,viernes 18 de julio de 2025,https://www.madrid.es/portales/munimadrid/es/Inicio/Cultura-ocio-y-deporte/Campamento-del-Price-11-y-12-anos-/?vgnextfmt=default&vgnextoid=42dc68a247f16910VgnVCM1000001d4a900aRCRD&vgnextchannel=7911f073808fe410VgnVCM2000000c205a0aRCRD
Campamento de verano 2025 en Puente de Vallecas,"ACTIVIDADES CALLE, ARTE URBANO, 
            
            CAMPAMENTOS",Sin lugar,Sin distrito,lunes 23 de junio de 2025,viernes 5 de septiembre de 2025,https://www.madrid.es/portales/munimadrid/es/Inicio/Cultura-ocio-y-deporte/Campamento-de-verano-2025-en-Puente-de-Vallecas/?vgnextfmt=default&vgnextoid=5c4cb1e2d1745910VgnVCM1000001d4a900aRCRD&vgnextchannel=7911f073808fe410VgnVCM2000000c205a0aRCRD
Campamento de Verano 2025 -  Distrito de Villaverde,CAMPAMENTOS,Sin lugar,Sin distrito,lunes 23 de junio de 2025,jueves 31 de julio de 2025,https://www.madrid.es/portales/munimadrid/es/Inicio/Cultura-ocio-y-deporte/Campamento-de-Verano-2025-Distrito-de-Villaverde/?vgnextfmt=default&vgnextoid=50838bbda3026910VgnVCM2000001f4a900aRCRD&vgnextchannel=7911f073808fe410VgnVCM2000000c205a0aRCRD
Verde que te quiero verde - Zaguán Teatro (Castilla La Mancha),"CUENTACUENTOS, TÍTERES Y MARIONETAS, 
            
            MADRID DESTINO",Teatro Municipal de Títeres,RETIRO,sábado 28 de junio de 2025,domingo 29 de junio de 2025,https://www.madrid.es/portales/munimadrid/es/Inicio/Cultura-ocio-y-deporte/Verde-que-te-quiero-verde-Zaguan-Teatro-Castilla-La-Mancha-/?vgnextfmt=default&vgnextoid=c173e7bd62dc5910VgnVCM2000001f4a900aRCRD&vgnextchannel=7911f073808fe410VgnVCM2000000c205a0aRCRD
Los más pequeños también plantamos,Sin tipo,Centro de Información y Educación Ambiental de El Huerto de El Retiro,RETIRO,domingo 29 de junio de 2025,domingo 29 de junio de 2025,https://www.madrid.es/portales/munimadrid/es/Inicio/Cultura-ocio-y-deporte/Los-mas-pequenos-tambien-plantamos/?vgnextfmt=default&vgnextoid=619e0b57897d5910VgnVCM1000001d4a900aRCRD&vgnextchannel=7911f073808fe410VgnVCM2000000c205a0aRCRD
Campamento urbano de verano en Usera,CAMPAMENTOS,Sin lugar,Sin distrito,martes 1 de julio de 2025,viernes 5 de septiembre de 2025,https://www.madrid.es/portales/munimadrid/es/Inicio/Cultura-ocio-y-deporte/Campamento-urbano-de-verano-en-Usera/?vgnextfmt=default&vgnextoid=514e2e4d2e136910VgnVCM2000001f4a900aRCRD&vgnextchannel=7911f073808fe410VgnVCM2000000c205a0aRCRD
